Date,total_gain,total_gain_vn30
2017-08-10,,
2017-08-11,0.9965142780533583,1.00362450651468
2017-08-14,0.995173256194702,1.011827390278072
2017-08-15,0.994728158940952,1.005249231363601
2017-08-16,0.9922771785487952,1.0083054087291226
2017-08-17,0.9961982229724462,1.0018909548263284
2017-08-21,0.9945866194269184,0.9977484416119801
2017-08-22,0.9966536635538171,0.9921209341400504
2017-08-23,0.9958865501564073,0.9962503682044966
2017-08-24,0.9986838791583926,1.0059854184303445
2017-08-25,0.9989535663212835,1.0088697641779374
2017-08-28,1.009584706140958,1.0151677815673892
2017-08-29,1.0037702365448637,1.0179464414594186
2017-08-30,1.010508299909433,1.0252960838735845
2017-08-31,1.0178162988464514,1.0369801937461336
2017-09-01,1.0229607388939386,1.0392460058779391
2017-09-05,1.0242730748519437,1.0431214741636903
2017-09-06,1.0237488284561378,1.0419761904164249
2017-09-07,1.0322622534725099,1.0438055922535565
2017-09-08,1.0388856300958864,1.053720333197193
2017-09-11,1.0390146457067753,1.0476465307676721
2017-09-12,1.039318070067417,1.051233652998862
2017-09-13,1.0441933828640344,1.0546803001770793
2017-09-14,1.0513867033521527,1.058471311155745
2017-09-15,1.0513867033521527,1.056557617473469
2017-09-18,1.0608194630717191,1.0640493004356044
2017-09-19,1.0600196987917174,1.0651331883162254
2017-09-20,1.0548461972144303,1.0602357943844616
2017-09-21,1.0549727955180133,1.056807194037806
2017-09-22,1.05514217221178,1.0573657823328422
2017-09-25,1.0534449556469463,1.0598272739460075
2017-09-26,1.052978458615564,1.0592830252623298
2017-09-27,1.050903066832421,1.0592956891007392
2017-09-28,1.0503948076202227,1.06125855919673
2017-09-29,1.0523829632885815,1.065366191810069
2017-10-02,1.0542387986253734,1.060859986337169
2017-10-03,1.0534353819904205,1.0579012568206811
2017-10-04,1.0590015600231377,1.0653073490924747
2017-10-05,1.0616109876325655,1.069486709096503
2017-10-06,1.060265884648118,1.0726833995816478
2017-10-09,1.0595538129383084,1.0732832121402232
2017-10-10,1.0634753815657594,1.0776916894047193
2017-10-11,1.0662185237103978,1.0792334793731375
2017-10-12,1.0697002446753319,1.0848200715519085
2017-10-13,1.0783743462862365,1.0889558740210443
2017-10-16,1.0782514961633862,1.0894722568820512
2017-10-17,1.0828816948931548,1.0920282616499832
2017-10-18,1.0856139353303131,1.0910599463959536
2017-10-19,1.0835280457597611,1.0940903981418373
2017-10-20,1.0867912208291035,1.0907877670457309
2017-10-23,1.0883475135759602,1.0809574957007877
2017-10-24,1.083315755760238,1.0868819893920696
2017-10-25,1.0882768053707341,1.0991170805699897
2017-10-26,1.0838491508090313,1.0967069433869288
2017-10-27,1.0929053561371664,1.1097262832685713
2017-10-30,1.0991628771961315,1.118073468352043
2017-10-31,1.092226737516629,1.11560079320422
2017-11-01,1.0953921820812802,1.1145949015531207
2017-11-02,1.0961499391204443,1.1056766046601403
2017-11-03,1.0938607824939384,1.12042019440373
2017-11-06,1.094338109462912,1.1280603331419747
2017-11-07,1.0949298254392434,1.1284270234660818
2017-11-08,1.105988463770609,1.140984519534474
2017-11-09,1.1062996267422154,1.1381585061984936
2017-11-10,1.105833045615422,1.1431824548581886
2017-11-13,1.1104599751227902,1.1552775375894866
2017-11-14,1.1176400561882216,1.1568433116114536
2017-11-15,1.12603375516488,1.1690280599849046
2017-11-16,1.1374362637167614,1.1749221704171393
2017-11-17,1.144830325946991,1.1744479852817142
2017-11-20,1.1747306581729045,1.189583926364499
2017-11-21,1.204838185054625,1.203170066498691
2017-11-22,1.2225834877686124,1.2122927117364728
2017-11-23,1.2279168211019458,1.2173077786946878
2017-11-24,1.2247589263651038,1.2195917239665963
2017-11-27,1.2241903407218913,1.2265035442592687
2017-11-28,1.2339464382828669,1.2232322405643044
2017-11-29,1.2455329852101429,1.2401051556616896
2017-11-30,1.2411232629879205,1.2439147600977623
2017-12-01,1.2469687744701752,1.246729493699567
2017-12-04,1.2722904847233925,1.263759717089843
2017-12-05,1.2746521581376973,1.2434072440938224
2017-12-06,1.2639017218375228,1.2221360361930882
2017-12-07,1.2599677562597216,1.224637114243972
2017-12-08,1.2487469145196064,1.226217895386436
2017-12-11,1.2492098774825693,1.2111865980781118
2017-12-12,1.2700987663714582,1.2047662098026783
2017-12-13,1.2755983419075745,1.2072566102415154
2017-12-14,1.2899939463031789,1.2208267646567401
2017-12-15,1.2828459577974318,1.2277909289030449
2017-12-18,1.3028103071735457,1.2454294097419718
2017-12-19,1.297695484626573,1.2448182851673883
2017-12-20,1.2994991981544244,1.2452821804114076
2017-12-21,1.2985157067599742,1.2414357428448852
2017-12-22,1.2991199578440715,1.2393622831292457
2017-12-25,1.2998870429207798,1.2456485910629267
2017-12-26,1.3152481858175518,1.252116855482205
2017-12-27,1.3050022841782074,1.2542625760779826
2017-12-28,1.3135599101271378,1.2632344176555228
2017-12-29,1.3136962567201773,1.2723542172476678
2018-01-02,1.3295465968562317,1.2894749755259496
2018-01-03,1.3432936772699786,1.3012446647940503
2018-01-04,1.354253392909789,1.309667711046044
2018-01-05,1.346602906208614,1.30515033843694
2018-01-08,1.359218189476071,1.317512812123241
2018-01-09,1.366240843197754,1.3352464737124046
2018-01-10,1.3638416109520726,1.3380799082398283
2018-01-11,1.3699313545418161,1.3446821858814602
2018-01-12,1.3673667648761627,1.3466680177349668
2018-01-15,1.3744994324938518,1.3556151354100503
2018-01-16,1.367606136932001,1.353008632373852
2018-01-17,1.3461505603724546,1.332982688597991
2018-01-18,1.3670164457891212,1.3341228072476268
2018-01-19,1.3688677656525066,1.356223641095681
2018-01-22,1.3962945273310496,1.378554764922471
2018-01-25,1.411027492340258,1.3904970209282341
2018-01-26,1.4017334798290872,1.3949510386712884
2018-01-29,1.4090842149025944,1.3942968024920277
2018-01-30,1.419727703771152,1.3882411560108494
2018-01-31,1.4045844156866873,1.3963370998057887
2018-02-01,1.4061205139969792,1.378396828115483
2018-02-02,1.4034661930093248,1.3826843112519986
2018-02-05,1.4233373981611186,1.3371954718430592
2018-02-06,1.4269842311745542,1.2915244803449195
2018-02-07,1.4334485084277442,1.3362095435746881
2018-02-08,1.4372720378395087,1.3219194093750515
2018-02-09,1.4481232075756958,1.29923181741821
2018-02-12,1.4808559403084285,1.3282069973212582
2018-02-13,1.4948116669686788,1.3571660703188002
2018-02-21,1.5218643485064103,1.37761292461245
2018-02-22,1.5057214033431323,1.367710462931075
2018-02-23,1.5366447210270135,1.3878072879704806
2018-02-26,1.5550594286822275,1.4000858597932275
2018-02-27,1.5460610647483972,1.4036293493126761
2018-02-28,1.5421501140865441,1.4088986542533284
2018-03-01,1.5325833270829339,1.404971893740688
2018-03-02,1.5328849862081224,1.4076392355311527
2018-03-05,1.54355525972781,1.4019490144151117
2018-03-06,1.5411997661589272,1.4013322959017662
2018-03-07,1.5566505131454305,1.3901519123928316
2018-03-08,1.5662181304407388,1.405643693855924
2018-03-09,1.5817596845961543,1.4029685680075206
2018-03-12,1.5859188166033875,1.4045181407422898
2018-03-13,1.5909556937395628,1.4102182601733637
2018-03-14,1.5907163161213702,1.413088152394966
2018-03-15,1.5900275490144917,1.4130432984841537
2018-03-16,1.5867301869041799,1.4133303763899203
2018-03-19,1.5829429805606092,1.4277698382733282
2018-03-20,1.5835323773130332,1.4330744090451433
2018-03-21,1.5840618513688045,1.4383334012182152
2018-03-22,1.5817517072041114,1.4444134656056598
2018-03-23,1.5696650815090574,1.4256835194303425
2018-03-26,1.5796413988566003,1.4450633987380899
2018-03-27,1.5866004631840858,1.4463934171671036
2018-03-28,1.5849720354891832,1.44736573223191
2018-03-29,1.5894494304593825,1.4415461816642654
2018-03-30,1.5914036948392682,1.4469985065355906
2018-04-02,1.604618271623527,1.4630498709015616
2018-04-03,1.6020078298564586,1.4560305292850635
2018-04-04,1.5983092232849812,1.4600465935420917
2018-04-05,1.6033006174330016,1.4628388847626486
2018-04-06,1.6044971986295828,1.4649400839836673
2018-04-09,1.6043262584586426,1.4719379190018225
2018-04-10,1.6007618011896958,1.4649548561034704
2018-04-11,1.621829376431036,1.4388804259222536
2018-04-12,1.6175018910509191,1.4386178645485326
2018-04-13,1.6298594721201567,1.4327349451497808
2018-04-16,1.6264816943423788,1.4275657349733937
2018-04-17,1.6282002128608974,1.4265035060630635
2018-04-18,1.643962600745032,1.415595220728549
2018-04-19,1.6646723052346322,1.3859049350245018
2018-04-20,1.6665805847052386,1.3882501637766371
2018-04-23,1.7027431033182996,1.3613984057464417
2018-04-24,1.7002310260236135,1.3576215703369532
2018-04-26,1.7331143432849443,1.3260856303873116
2018-04-27,1.7290729435806564,1.3312854812595132
2018-05-02,1.7350865226301229,1.3185678268517673
2018-05-03,1.7450392389611746,1.318231702367076
2018-05-04,1.7466421176003633,1.3181426983223365
2018-05-07,1.7814562011804884,1.3524024154620853
2018-05-08,1.7753640294633166,1.3594691815798585
2018-05-09,1.7589195850188721,1.3530882029732287
2018-05-10,1.7900456246861787,1.330362884981237
2018-05-11,1.8064164333646797,1.3361812161469566
2018-05-14,1.7983571167947248,1.3543518980579408
2018-05-15,1.7820815679680782,1.3649317867208453
2018-05-16,1.7835779067137008,1.34300142341948
2018-05-17,1.7839655036129254,1.3238252733335012
2018-05-18,1.7748866434406256,1.3285135889871569
2018-05-21,1.7887146695385905,1.3131417934869363
2018-05-22,1.808261269034812,1.2674813297136256
2018-05-23,1.8112004114967761,1.2779454876253844
2018-05-24,1.8238139504856363,1.2696959574046398
2018-05-25,1.8213409445643545,1.2444708259695247
2018-05-28,1.8418427366790497,1.2035446468854507
2018-05-29,1.864630889857695,1.2335001034556066
2018-05-30,1.8611676863944917,1.2267318041800093
2018-05-31,1.8781647495369294,1.2582784383348469
2018-06-01,1.8934757543216185,1.2807030389131377
2018-06-04,1.9174966420500779,1.3095510783817972
2018-06-05,1.9195704139351704,1.3203153086339992
2018-06-06,1.9373145216792782,1.3353815584479043
2018-06-07,1.934370458872605,1.3391557706055606
2018-06-08,1.9312208525733925,1.3367205238176512
2018-06-11,1.92820811392847,1.3392105393436304
2018-06-12,1.92178462230195,1.3201678369357757
2018-06-13,1.9138638958487122,1.3312095511817716
2018-06-14,1.9231258824302864,1.3206812711609506
2018-06-15,1.9213294752446575,1.3143784790736843
2018-06-18,1.9426919091070913,1.2901061495293646
2018-06-19,1.952038988144892,1.241285462415815
2018-06-20,1.9613505707585324,1.279309462846316
2018-06-21,1.9574310424893682,1.2721346121495674
2018-06-22,1.9563478838590398,1.288185825650549
2018-06-25,1.951557423423418,1.3005197037301641
2018-06-26,1.94107653563057,1.2882548727269456
2018-06-27,1.9569856265396606,1.2817996124093223
2018-06-28,1.9502484131357805,1.2600629559850591
2018-06-29,1.9435534078222843,1.2646105256792086
2018-07-02,1.947476223768001,1.2441232959822006
2018-07-03,1.9674545082413994,1.20668778437429
2018-07-04,1.964496039155529,1.2123824816062205
2018-07-05,1.986369872675499,1.1942071232618767
2018-07-06,2.0158925824522504,1.2211663000118487
2018-07-09,2.0484437928805557,1.2133150876437115
2018-07-10,2.0453140794567246,1.2154127336187839
2018-07-11,2.0476012935549623,1.1854758635335032
2018-07-12,2.0513517719323064,1.1944612152409484
2018-07-13,2.0395937810647267,1.2098390412983862
2018-07-16,2.0535257840211196,1.2146533236694201
2018-07-17,2.0652732142707526,1.226453911480655
2018-07-18,2.0776188932830983,1.2483548421057853
2018-07-19,2.084684517948552,1.260379255634055
2018-07-20,2.0786625554972584,1.2581852504617141
2018-07-23,2.0624015325695693,1.2483701858246272
2018-07-24,2.070509640677677,1.239648600706033
2018-07-25,2.0768588470268834,1.2343025117921333
2018-07-26,2.0825302703711936,1.232833683590632
2018-07-27,2.0878575154244663,1.2421499461893788
2018-07-30,2.0992449028118534,1.25711270123634
2018-07-31,2.1003115694785204,1.2642604207734398
2018-08-01,2.1030464300716654,1.2561706945145685
2018-08-02,2.1162155949538923,1.2527849063073329
2018-08-03,2.1242806841317505,1.2610537837057345
2018-08-06,2.119360898035494,1.2555652164548923
2018-08-07,2.1161866345359575,1.2526033583683804
2018-08-08,2.1229282075696654,1.2613016123061036
2018-08-09,2.122504254204536,1.261587641375132
2018-08-10,2.1257305181200143,1.2644365235330806
2018-08-13,2.119285721500891,1.2774260052210797
2018-08-14,2.1246022657471313,1.285526336740439
2018-08-15,2.1234903438596433,1.2727340638110396
2018-08-16,2.1222578626989983,1.262049183963561
2018-08-17,2.121272294237189,1.27064705355548
2018-08-20,2.1173300203899523,1.2646525546367995
2018-08-21,2.1246316076915397,1.271570375153682
2018-08-22,2.1265443185244384,1.2774127465061333
2018-08-23,2.1238623261872736,1.279498360980298
2018-08-24,2.1199064652670154,1.2787699151714627
2018-08-27,2.12359278069042,1.2853307066320199
2018-08-28,2.1247694141344953,1.2900899017072875
2018-08-29,2.122076787788182,1.28669186844775
2018-08-30,2.125333891045285,1.291145037843834
2018-08-31,2.123719602877674,1.290764442057132
2018-09-04,2.1205785307710845,1.2779118710284119
2018-09-05,2.1290164666148783,1.2597110996326024
2018-09-06,2.121248105032957,1.2508136223540838
2018-09-07,2.119999932713853,1.262072808607378
2018-09-10,2.1210244866795835,1.2631851320922345
2018-09-11,2.1318483847070704,1.2770155272161472
2018-09-12,2.1308341504539317,1.279322199866942
2018-09-13,2.1235359048398967,1.274469549653467
2018-09-14,2.1243403819297884,1.2794086480587243
2018-09-17,2.1257314443537147,1.2713595831247413
2018-09-18,2.1368484003417914,1.2768391502179464
2018-09-19,2.1351851986785895,1.2820904943741294
2018-09-20,2.138266489358551,1.2904923720743622
2018-09-21,2.1344903135947337,1.2981754106852357
2018-09-24,2.1268032387648015,1.3052173043311788
2018-09-25,2.124595733246038,1.3033397417119281
2018-09-26,2.1228621007761217,1.3041430199003834
2018-09-27,2.120449596528755,1.3077193107178502
2018-09-28,2.1219373898607357,1.3137327955019116
2018-10-01,2.1171436554741314,1.3143567137082472
2018-10-02,2.1129469519170865,1.306079866754489
2018-10-03,2.1094239166867346,1.3087976162956152
2018-10-04,2.1125663393932728,1.3122766158809671
2018-10-05,2.117707468425531,1.3023797169764793
2018-10-08,2.1145864968535113,1.2899714556599209
2018-10-09,2.1102023346395096,1.2883223451489028
2018-10-10,2.109243594697719,1.2853593668911754
2018-10-11,2.121560048656824,1.2346940808440616
2018-10-12,2.1437291423321123,1.2627802918778523
2018-10-15,2.128898633857536,1.2477999721138031
2018-10-16,2.143697328090398,1.2591629965093007
2018-10-17,2.1549617204904976,1.2658083639214415
2018-10-18,2.1505548810757262,1.2584451545777826
2018-10-19,2.1486706376172506,1.2518906079605683
2018-10-22,2.1612215923479954,1.2448636911142057
2018-10-23,2.1725437120803157,1.2235365232843043
2018-10-24,2.167586257400331,1.2165043763267842
2018-10-25,2.1792246754794267,1.205675777262891
2018-10-26,2.1830223818152046,1.1990557914244906
2018-10-29,2.184210121278806,1.1881601542050844
2018-10-30,2.185652794019884,1.189853111274896
2018-10-31,2.1969541638828978,1.215375841921586
2018-11-01,2.206393691906497,1.2024699579965938
2018-11-02,2.2136712183016702,1.224016576531198
2018-11-05,2.202382378441402,1.221819017036968
2018-11-06,2.2092047736953875,1.21924032829466
2018-11-07,2.200815511950421,1.2154788023800767
2018-11-08,2.213853807286437,1.2174947517697228
2018-11-09,2.213965714179902,1.2036004595449687
2018-11-12,2.211162683876871,1.205336355391218
2018-11-13,2.200616544517173,1.1924522225664984
2018-11-14,2.195422532907029,1.1849856227762472
2018-11-15,2.196226206845031,1.1748212703660896
2018-11-16,2.1925242170255035,1.1862503059179323
2018-11-19,2.2012598492094115,1.2044333755871954
2018-11-20,2.1931251537875425,1.2098190483456064
2018-11-21,2.2074222149471927,1.2123517720321761
2018-11-22,2.2038095520049215,1.2175050283088646
2018-11-23,2.204071136459331,1.207640594763118
2018-11-26,2.2074164980590902,1.213997859566784
2018-11-27,2.2053949347167725,1.2156496821521097
2018-11-28,2.209955465396706,1.2178559086134562
2018-11-29,2.2220113267168604,1.2171999449027027
2018-11-30,2.220354450681313,1.2137844695731148
2018-12-03,2.2428896619489187,1.242117319156718
2018-12-04,2.239610973424328,1.2488045396178757
2018-12-05,2.2367625948090786,1.247478136650184
2018-12-06,2.2359251653534074,1.242489420650659
2018-12-07,2.2363285390241083,1.2510518263719521
2018-12-10,2.2316609242481897,1.2449616137525152
2018-12-11,2.2322809774998222,1.2401223802351393
2018-12-12,2.2319892515763273,1.2489667391007115
2018-12-13,2.2321340531981053,1.2515870807156184
2018-12-14,2.2347317369301107,1.240218922314259
2018-12-17,2.243383582292065,1.2221818909180753
2018-12-18,2.2353939873459483,1.2071925263873653
2018-12-19,2.2375551021831193,1.199330732008717
2018-12-20,2.231299213733901,1.1978343369604243
2018-12-21,2.2268218849537833,1.1927253451348112
2018-12-24,2.2279588946183657,1.1917439460705639
2018-12-25,2.2319497726115243,1.17968144035915
2018-12-26,2.231296705115078,1.1746749654724606
2018-12-27,2.2325327035700795,1.182576888661119
2018-12-28,2.2278449033779566,1.181977361365333
2019-01-02,2.244998899479321,1.1692297637971825
2019-01-03,2.247372223319359,1.1478925042211232
2019-01-04,2.2566764304391,1.1491462056252688
2019-01-07,2.2609130411505314,1.1624665008898263
2019-01-08,2.2544601512059548,1.157359056259704
2019-01-09,2.255292691643633,1.1672123801300613
2019-01-10,2.2488423474941737,1.1722139614262557
2019-01-11,2.2468594008354392,1.1730647772770715
2019-01-14,2.246465203421374,1.1724359416710022
2019-01-15,2.258160419014995,1.179147742088159
2019-01-16,2.258974372503367,1.18047883763767
2019-01-17,2.2569217796525867,1.1733351548264344
2019-01-18,2.2542943286721946,1.1685035057787931
2019-01-21,2.2694746695362453,1.1790911492384373
2019-01-22,2.267618521044366,1.1746689316468095
2019-01-23,2.272731713862477,1.1767619549026234
2019-01-24,2.2766815279888712,1.1805447351300542
2019-01-25,2.2740510688190128,1.1833884685127098
2019-01-28,2.276009819827194,1.1836190107480473
2019-01-29,2.283023307303109,1.185509021350546
2019-01-30,2.2797666023222662,1.1864867520950015
2019-01-31,2.286831026802033,1.1826371066071308
2019-02-01,2.286754124429595,1.1815873407856603
2019-02-11,2.2976157632705085,1.1940591925092008
2019-02-12,2.304677266687365,1.2074267431222605
2019-02-13,2.3148467582127887,1.215553072655053
2019-02-14,2.311343870193411,1.2213698172876823
2019-02-15,2.3075326382687393,1.2194384153562805
2019-02-18,2.3170125543358853,1.2245431798030975
2019-02-19,2.3172349000835233,1.2295224329151306
2019-02-20,2.327011591562248,1.2333429669090752
2019-02-21,2.33966424862023,1.2396058546377637
2019-02-22,2.329610194566176,1.2541246735122282
2019-02-25,2.336353722954255,1.2629670049653576
2019-02-26,2.3415476041353296,1.2520935039323215
2019-02-27,2.337321794188423,1.2541069195249872
2019-02-28,2.3464947808261982,1.2324981341729715
2019-03-01,2.3431984845299016,1.2377258586850688
2019-03-04,2.3579603892918066,1.2502792570615395
2019-03-05,2.347819057972355,1.2481320376567187
2019-03-06,2.343532046164907,1.2448772446766907
2019-03-07,2.3456017629405066,1.2487610347350562
2019-03-08,2.351512188784853,1.2370358683133391
2019-03-11,2.3498807464415084,1.240666227740792
2019-03-12,2.3611770833574988,1.251191052599426
2019-03-13,2.356947692676495,1.2604741715548866
2019-03-14,2.3539991130288866,1.2599614058247295
2019-03-15,2.3531711792635877,1.2491450487566889
2019-03-18,2.3534588455706715,1.2583400784703573
2019-03-19,2.3548847180263808,1.2509846968363276
2019-03-20,2.362371310546987,1.2478028688491845
2019-03-21,2.370982061375636,1.2351431343789998
2019-03-22,2.37241377943731,1.2348143636527453
2019-03-25,2.3714480265214792,1.2118257318983958
2019-03-26,2.3712970261439787,1.2167627844780058
2019-03-27,2.3710318746288266,1.224299462980049
2019-03-28,2.365979084281919,1.2237564484738044
2019-03-29,2.3660923089196,1.2260073022459248
2019-04-01,2.3714844657823453,1.2279875878938322
2019-04-02,2.378450757917177,1.2265743163911271
2019-04-03,2.3797312158691977,1.2232572734243639
2019-04-04,2.3750765612145424,1.228160648099876
2019-04-05,2.3735750597130414,1.227730108490232
2019-04-08,2.3677942789322604,1.2282491874012704
2019-04-09,2.373568381152496,1.2233039383726587
2019-04-10,2.371839707721455,1.214229568475605
2019-04-11,2.3710865822507516,1.2180582409785716
2019-04-12,2.370897853152499,1.215426309854871
2019-04-16,2.368675630930277,1.207722132379247
2019-04-17,2.365964991671185,1.2058966362837804
2019-04-18,2.363850986386172,1.1974975439276316
2019-04-19,2.3627107355309844,1.1997744887231052
2019-04-22,2.3615177854809577,1.1966621609518273
2019-04-23,2.3597774443741004,1.197892747873423
2019-04-24,2.3650152645166003,1.2088178539948964
2019-04-25,2.3655881334441893,1.2046526414001941
2019-04-26,2.372112041648963,1.210813548466585
2019-05-02,2.3677790883992484,1.2142515189404857
2019-05-03,2.3662597933521505,1.2145874200511986
2019-05-06,2.3655400963824533,1.1983128795215485
2019-05-07,2.3603858537484053,1.1968337242329994
2019-05-08,2.3544341540803266,1.1930164084327306
2019-05-09,2.3530218864365233,1.1911519105317205
2019-05-10,2.3492714080591792,1.194784731984849
2019-05-13,2.348967237115109,1.1989524929266488
2019-05-14,2.3515509219055644,1.2005899357867158
2019-05-15,2.361856697670004,1.2150417215415463
2019-05-16,2.3609973022360093,1.2162279478869618
2019-05-17,2.3592370026105414,1.2104491517096858
2019-05-20,2.374473390690308,1.2225573497579838
2019-05-21,2.3744733906903086,1.224379065947931
2019-05-22,2.372679701547619,1.2206313805317495
2019-05-23,2.3730834305353596,1.218127234779337
2019-05-24,2.380279524084576,1.2063449394632457
2019-05-27,2.3799465607105468,1.2098675769251404
2019-05-28,2.374479657637261,1.2122527617769663
2019-05-29,2.373962861771628,1.2041377371961866
2019-05-30,2.374519654644679,1.206910139907483
2019-05-31,2.3902054928914254,1.1963364286138116
2019-06-03,2.3813216660121546,1.1800041255537859
2019-06-04,2.379187401363338,1.1813722890841114
2019-06-05,2.3837346075290413,1.181916491017765
2019-06-06,2.3906982886616976,1.1764311417607176
2019-06-07,2.3876977116276525,1.1874739866023476
2019-06-10,2.3899458445342217,1.1900060109558181
2019-06-11,2.386644763145491,1.1907522196416873
2019-06-12,2.3841742196259164,1.186198004985605
2019-06-13,2.3827161021323437,1.1748583334212144
2019-06-14,2.384488741824059,1.1792993587035867
2019-06-17,2.386273970993151,1.169760297291527
2019-06-18,2.385415266855758,1.1629061672388028
2019-06-19,2.3829101783948223,1.1686750577006682
2019-06-20,2.3899129795152705,1.1857065166351461
2019-06-21,2.3944987213264457,1.1869867048574145
2019-06-24,2.3904685894997035,1.1883343671816138
2019-06-25,2.3804489282776835,1.1885644267670463
2019-06-26,2.375040022628805,1.1863908637337184
2019-06-27,2.3897470285116076,1.176444456772386
2019-06-28,2.404490094602555,1.1739183223401262
2019-07-01,2.425613879984896,1.1956374096949722
2019-07-02,2.4095925682634496,1.1948264074789945
2019-07-03,2.406960989316081,1.1883788510342959
2019-07-04,2.4113469542283616,1.1991830070099492
2019-07-05,2.404574945199016,1.2005945038796133
2019-07-08,2.410656153886457,1.1922738636904666
2019-07-09,2.406687445624675,1.1905086588579317
2019-07-10,2.407907190240646,1.197536033467522
2019-07-11,2.404982547274982,1.2002840380285256
2019-07-12,2.4088840624264973,1.1959061028219664
2019-07-15,2.411058970851406,1.1924683030138437
2019-07-16,2.4096937831380956,1.2007658217806765
2019-07-17,2.4051903014547773,1.201356871917641
2019-07-18,2.4023808861168883,1.1945410911131518
2019-07-19,2.4020363753222167,1.1984870599342794
2019-07-22,2.393859203260888,1.2021327033903493
2019-07-23,2.40338519015313,1.210600738261399
2019-07-24,2.402632744705425,1.2093963529481464
2019-07-25,2.401465136419173,1.214332398476968
2019-07-26,2.400184533782638,1.2104186577707006
2019-07-29,2.398830437641812,1.2099908454677193
2019-07-30,2.404662548113272,1.2021968238877405
2019-07-31,2.4148397922527804,1.2056363316862284
2019-08-01,2.404481976810219,1.2077291628909075
2019-08-02,2.400855914487273,1.2076275621142258
2019-08-05,2.398925193306126,1.196540662043098
2019-08-06,2.3972852238171862,1.1830347082350585
2019-08-07,2.398206882803362,1.1877796392599635
2019-08-08,2.398399561030722,1.1956466714422298
2019-08-09,2.3989364531920967,1.2012237505613257
2019-08-12,2.401389406317696,1.2052242506238335
2019-08-13,2.396816409861768,1.1989078177104637
2019-08-14,2.3988421714334534,1.2068022847485007
2019-08-15,2.4100849547819796,1.2022247722027257
2019-08-16,2.3964581204004283,1.2161112955759132
2019-08-19,2.401576991973628,1.2143978545832372
2019-08-20,2.3984077786176576,1.2175950365758108
2019-08-21,2.40279026378899,1.2241367582227591
2019-08-22,2.401024607678693,1.2254699286130446
2019-08-23,2.397227329687867,1.2247820409828176
2019-08-26,2.391144878685389,1.2159998850801208
2019-08-27,2.394909230275828,1.2133004518490897
2019-08-28,2.3916175163144207,1.209785059371805
2019-08-29,2.3885903092913,1.2106980028820162
2019-08-30,2.3875729002928825,1.2150783868694046
2019-09-03,2.3873471666585715,1.2106834724132751
2019-09-04,2.387913353953328,1.2096024156803187
2019-09-05,2.38734965609538,1.2104366320805622
2019-09-06,2.385092319752265,1.2086907433668879
2019-09-09,2.383213115031703,1.209153366780146
2019-09-10,2.3846051391099574,1.205115742437106
2019-09-11,2.385133879951411,1.2070974428492995
2019-09-12,2.384003553287005,1.2159805051324502
2019-09-13,2.3979441086546824,1.22943422366856
2019-09-16,2.3984986783086315,1.232285997737312
2019-09-17,2.4049274080803005,1.2367388678545856
2019-09-18,2.40830479427707,1.238384831950622
2019-09-19,2.414821360266453,1.2418247215235938
2019-09-20,2.4149667460840667,1.2410059084749892
2019-09-23,2.408730422232863,1.2365369887734998
2019-09-24,2.4059373314574133,1.2354833405164096
2019-09-25,2.4061205017691694,1.238175174919152
2019-09-26,2.401218002958208,1.242897893276391
2019-09-27,2.408240525972435,1.2517209094610091
2019-09-30,2.4042318585834863,1.2496776883066434
2019-10-01,2.4052801902900978,1.252721712918828
2019-10-02,2.4138823408277323,1.2454749448046079
2019-10-03,2.410732905554057,1.2452247326682313
2019-10-04,2.414944568621012,1.2430375489121512
2019-10-07,2.415924320417224,1.234095151040878
2019-10-08,2.4170571129334846,1.241038525675003
2019-10-09,2.4154569965613852,1.240404708236281
2019-10-10,2.4122869047380355,1.2400329244394936
2019-10-11,2.4130170982393135,1.241104935115845
2019-10-14,2.415092466890324,1.249453293308491
2019-10-15,2.412419153064956,1.2495183135189398
2019-10-16,2.4134290354857892,1.2513495970428061
2019-10-17,2.4090620656575807,1.2507871551798255
2019-10-18,2.4113476555574502,1.2448024362343482
2019-10-21,2.4089599846219176,1.2426902738809202
2019-10-22,2.4072898688030167,1.2435303808036196
2019-10-23,2.4061657028616183,1.24436978253911
2019-10-24,2.410624647940465,1.2510684722100571
2019-10-25,2.409292466763825,1.2533838881193449
2019-10-28,2.4097244788601637,1.2539560075519751
2019-10-29,2.4094726350033553,1.2517983007627507
2019-10-30,2.4076007847513754,1.2523497057643183
2019-10-31,2.40964731641876,1.2494429174952082
2019-11-01,2.416519055940257,1.2613749019326925
2019-11-04,2.4178402485844277,1.268978731692583
2019-11-05,2.4183738665139902,1.2708919156558498
2019-11-06,2.416312743557345,1.2701599288952625
2019-11-07,2.417378955306998,1.2710410796994451
2019-11-08,2.417378955306998,1.273141251531686
2019-11-11,2.41575207643874,1.2670444650462294
2019-11-12,2.4182009691133572,1.268098778145271
2019-11-13,2.420746307961591,1.2592901737984161
2019-11-14,2.421564347512025,1.2557161003206172
2019-11-15,2.4164290099705683,1.254552783575319
2019-11-18,2.4200700465951135,1.247241233915015
2019-11-19,2.4193165482097525,1.251803872423684
2019-11-20,2.4243719424229395,1.2447963458210367
2019-11-21,2.4244081349672753,1.2360077938084908
2019-11-22,2.4382383166506276,1.2095511977879674
2019-11-25,2.432470152479801,1.217078649852656
2019-11-26,2.432507070558584,1.225793197995494
2019-11-27,2.433243312045792,1.2219510588345461
2019-11-28,2.4379496303707873,1.2089310383235548
2019-11-29,2.434811672284942,1.21139320231723
2019-12-02,2.4454726530951767,1.1987746214569133
2019-12-03,2.438335219534053,1.191175178292989
2019-12-04,2.439630309618996,1.2015003404141313
2019-12-05,2.4408317814219544,1.2017962320722626
2019-12-06,2.4371406326460603,1.2035141714551698
2019-12-09,2.4313759666575896,1.202934935365354
2019-12-10,2.4288357786078474,1.1940595319379255
2019-12-11,2.423628633035822,1.198966944653628
2019-12-12,2.4200464309242076,1.2084485917903076
2019-12-13,2.423360931865828,1.2069001142714886
2019-12-16,2.4153064792282777,1.2016361818309482
2019-12-17,2.4208531702092064,1.1886400055745754
2019-12-18,2.4185106202860114,1.1829326378817355
2019-12-19,2.411700792466317,1.1855069986401283
2019-12-20,2.4118556151942934,1.1911167237057678
2019-12-23,2.413274218062172,1.1905876353480123
2019-12-24,2.4143109649807295,1.1914392280565373
2019-12-25,2.4159938871455795,1.1954521060604466
2019-12-26,2.414162804517976,1.19439849802554
2019-12-27,2.417606725996566,1.1976199776132825
2019-12-30,2.4155596430897086,1.2039393998375363
2019-12-31,2.411764432645289,1.2013616412383834
2020-01-02,2.4198286420104234,1.2089099710423317
2020-01-03,2.4189260131037322,1.2085144774097791
2020-01-06,2.412179755760545,1.1957519353013033
2020-01-07,2.4088922939868445,1.1990840090878443
2020-01-08,2.4060732463677974,1.188048219806369
2020-01-09,2.4121324490230402,1.2003265123851568
2020-01-10,2.4165906108886097,1.207405775047461
2020-01-13,2.418525287114853,1.2061719338394286
2020-01-14,2.422163718041516,1.209742026661842
2020-01-15,2.422163718041516,1.2085336425086144
2020-01-16,2.430800664560336,1.2167311979410496
2020-01-17,2.4295676189376483,1.219871408335146
2020-01-20,2.424643164544811,1.2216378372419723
2020-01-21,2.4298091064930034,1.2332333017301649
2020-01-22,2.437346237949443,1.2353625339929981
2020-01-30,2.439253095301845,1.2008387768922892
2020-01-31,2.453380624893292,1.172891228431628
2020-02-03,2.462535554470757,1.1574423668614042
2020-02-04,2.4538157764287436,1.1630540525116926
2020-02-05,2.451520201347607,1.1657553782939514
2020-02-06,2.4631619214711518,1.1826758920536848
2020-02-07,2.4583585126003404,1.1841631746257542
2020-02-10,2.4517851948251557,1.1745566031739785
2020-02-11,2.4558430288085304,1.1765363836409255
2020-02-12,2.4543533584960917,1.1881343820508774
2020-02-13,2.44723218175082,1.1858344421498095
2020-02-14,2.448050799456351,1.1905955194738755
2020-02-17,2.4425584191670344,1.1894310664209333
2020-02-18,2.439818587415857,1.1844446290688238
2020-02-19,2.4421160952040193,1.1856510836005687
2020-02-20,2.436803089891014,1.1941440216009624
2020-02-21,2.4378737946441786,1.1934546833656683
2020-02-24,2.437989696359524,1.156515157037777
2020-02-25,2.4396784780241805,1.1689186094713127
2020-02-26,2.4316721363674225,1.16120689096083
2020-02-27,2.432947138359613,1.1699886192619993
2020-02-28,2.405641504113469,1.1498098017195038
2020-03-02,2.4088941242797137,1.155111684428874
2020-03-03,2.4175490393186214,1.1603975644322224
2020-03-04,2.415202181721167,1.158446600251449
2020-03-05,2.4233660940581863,1.1581486158181558
2020-03-06,2.4232863492415992,1.1537132857914485
2020-03-09,2.4121525433222595,1.0904318486656999
2020-03-10,2.4051767004079077,1.0934874894553082
2020-03-11,2.4464648215424782,1.0552999934384832
2020-03-12,2.4376952465984063,1.0022645702285282
2020-03-13,2.436686601065266,1.0054133170273023
2020-03-16,2.46406270663876,0.9756010908059357
2020-03-17,2.4549255505168652,0.9855371034596132
2020-03-18,2.4394150357200246,0.9838570533428639
2020-03-19,2.437767748898319,0.9538647546463808
2020-03-20,2.4330479848865196,0.9491746127659133
2020-03-23,2.429675470875708,0.882420299364826
2020-03-24,2.4199170322258916,0.8757248247458983
2020-03-25,2.4509074475613546,0.9119456234200864
2020-03-26,2.4366650700612262,0.9082702270462725
2020-03-27,2.43160730506096,0.8999507851743209
2020-03-30,2.424994838936299,0.85216794030514
2020-03-31,2.4798833466549954,0.8495363183433557
2020-04-01,2.4860465860997274,0.8784458204574861
2020-04-03,2.499605908133626,0.908661487368384
2020-04-06,2.535550958901938,0.9616771493297627
2020-04-07,2.557526192357074,0.9797807494942072
2020-04-08,2.5469895109193588,0.974372693654228
2020-04-09,2.554693214623062,0.9848126205747396
2020-04-10,2.555624313319524,0.9843534178654436
2020-04-13,2.561245036682183,0.9988105918970858
2020-04-14,2.568881206997779,1.0057734143875685
2020-04-15,2.5841487433940733,1.0206849430652067
2020-04-16,2.5932079768435505,1.020214120233069
2020-04-17,2.5917371182298345,1.0392221556999572
2020-04-20,2.5814556574249963,1.0409624210904294
2020-04-21,2.6114556574249965,1.0034895654986813
2020-04-22,2.6284680436360093,1.0135573893540657
2020-04-23,2.62162570850717,1.017591842748451
2020-04-24,2.6374846960851146,1.0257117504262128
2020-04-27,2.665027372889017,1.0204570128872505
2020-04-28,2.659732547377585,1.0147585726792783
2020-04-29,2.653632643439064,1.0171430443305598
2020-05-04,2.624024102513797,1.0046230471127815
2020-05-05,2.6259246873091184,1.0085111924956087
2020-05-06,2.647593990727308,1.027217076499482
2020-05-07,2.6810201745713185,1.044587658090247
2020-05-08,2.683715592361076,1.0726290906269742
2020-05-11,2.708177957952474,1.0953090685001665
2020-05-12,2.7011369363483455,1.1032938202001459
2020-05-13,2.696218831575149,1.101262338624023
2020-05-14,2.6912424154602155,1.0997132213648082
2020-05-15,2.6998361654602157,1.0911990909857756
2020-05-18,2.7164441390265823,1.1059939800241076
2020-05-19,2.7353950696526397,1.1237209515284152
2020-05-20,2.7364373877681283,1.1286045588863836
2020-05-21,2.733754209233557,1.1302369779819488
2020-05-22,2.744749579603927,1.1311700459092937
2020-05-25,2.748564553375983,1.134215226444997
2020-05-26,2.771880836410936,1.1438434792331011
2020-05-27,2.7846063120719196,1.129778160186008
2020-05-28,2.7825626283319784,1.1315209493956533
2020-05-29,2.777035202171641,1.1362555742915783
2020-06-01,2.804763439963573,1.1507140910876996
2020-06-02,2.8066952114391173,1.1487755631497325
2020-06-03,2.811562595838738,1.1554819714954851
2020-06-04,2.8122951965713385,1.1557003889397583
2020-06-05,2.8242379368576374,1.157192582221249
2020-06-08,2.8336520782717787,1.174720927991188
2020-06-09,2.8294281292779555,1.1711851716131358
2020-06-10,2.82753373185756,1.1741480637781976
2020-06-11,2.865978467550003,1.141855032211789
2020-06-12,2.869458551407445,1.1311089619745878
2020-06-15,2.901715280185913,1.1030498324919709
2020-06-16,2.8938013016912896,1.125799509234043
2020-06-17,2.8870343843980564,1.1238467754066848
2020-06-18,2.8776675803515968,1.1266311029037999
2020-06-19,2.8734021180507563,1.1375623883929562
2020-06-22,2.872108187004759,1.1396532479960642
2020-06-23,2.869726936221453,1.136739559834774
2020-06-24,2.881619733541386,1.1293226135364371
2020-06-25,2.880175996811025,1.122948022084128
2020-06-26,2.889693709145639,1.1217176546060046
2020-06-29,2.8959911002264764,1.0956721252105073
2020-06-30,2.901233564184537,1.0901481903103383
2020-07-01,2.9138138521136625,1.111289482667547
2020-07-02,2.912165834072202,1.1097262280476847
2020-07-03,2.9107428069053194,1.115174362570782
2020-07-06,2.9406341112531456,1.1323797254786023
2020-07-07,2.947732528723604,1.1351427752881758
2020-07-08,2.9497896236018573,1.1343732389958512
2020-07-09,2.9399820351881103,1.149303803177403
2020-07-10,2.944111901069694,1.1394394080141388
2020-07-13,2.938388372389838,1.1341119748233648
2020-07-14,2.9384298833902536,1.1349321460651784
2020-07-15,2.9532686465503293,1.1431768038001326
2020-07-16,2.9506982671133652,1.1422408547354659
2020-07-17,2.9488191821460448,1.1468263709142026
2020-07-20,2.9538528084199234,1.134003813028636
2020-07-21,2.9505885271895402,1.1342275489208453
2020-07-22,2.957917719736124,1.1257150597944627
2020-07-23,2.962463174281579,1.128773278757927
2020-07-24,2.985588670873391,1.093785961660375
2020-07-27,2.9700766883025853,1.0389360995619403
2020-07-28,2.984082684180419,1.0748847521724645
2020-07-29,2.9664654984359586,1.0475099554997587
2020-07-30,2.9648929532252835,1.0618545242789068
2020-07-31,2.967221082504933,1.0547635615701323
2020-08-03,2.973795795148611,1.0778893968947445
2020-08-04,2.9896987601081797,1.0915594678841092
2020-08-05,3.000153703240288,1.1078178313737346
2020-08-06,2.993208365619709,1.1089578193334124
2020-08-07,2.9918767504994346,1.1096615040826445
2020-08-10,2.999904763139284,1.1124103374266323
2020-08-11,3.0072752471201976,1.112754593451113
2020-08-12,2.9990583898563266,1.1176617400409645
2020-08-13,2.9978363081032713,1.126121697931429
2020-08-14,2.9932432144459167,1.1222101910579934
2020-08-17,2.991814943074356,1.1216546214729026
2020-08-18,2.9879873931269327,1.115855798924453
2020-08-19,2.9861684421963064,1.1192994738720352
2020-08-20,2.990582061364024,1.1143859667930394
2020-08-21,2.9956351399202874,1.1238542658080308
2020-08-24,3.020774922154281,1.1441764967149672
2020-08-25,3.0293177384224186,1.151503454483025
2020-08-26,3.032105766302698,1.1479340848263468
2020-08-27,3.0358358859944503,1.150629933957274
2020-08-28,3.040719890878455,1.1596901512551685
2020-08-31,3.0454991537379126,1.1621234484945928
2020-09-01,3.056258365807645,1.171954380733982
2020-09-03,3.054387495653995,1.1859082045143747
2020-09-04,3.057328672124583,1.1822336513874485
2020-09-07,3.0818315130336744,1.162984121323442
2020-09-08,3.076314495468464,1.1668780511599213
2020-09-09,3.0633347888178712,1.1630717266193988
2020-09-10,3.065664106086947,1.1648062793958964
2020-09-11,3.0650164639092505,1.1659808268318717
2020-09-14,3.069807702786732,1.1718708633573547
2020-09-15,3.0669699729705853,1.1740231075829675
2020-09-16,3.0651292366760674,1.1752468921968755
2020-09-17,3.050671212872249,1.1766968622388168
2020-09-18,3.0604987299199826,1.1838045909964001
2020-09-21,3.063216442315115,1.1925968443083468
2020-09-22,3.061211725333983,1.1969193223720653
2020-09-23,3.062427411608492,1.2034630882037567
2020-09-24,3.0570806528370764,1.1975327608124018
2020-09-25,3.055947530498937,1.1992908274079643
2020-09-28,3.0603924948222496,1.2093527197457163
2020-09-29,3.067229903560226,1.2011169759225242
2020-09-30,3.0676201779231027,1.2038499822294617
2020-10-01,3.067736484040805,1.2143794858053
2020-10-02,3.0725807746982445,1.2073830128575602
2020-10-05,3.0756374587764026,1.2145680716496812
2020-10-06,3.076903572956881,1.2187976440825494
2020-10-07,3.075789516639414,1.2182008826608803
2020-10-08,3.0759048568931626,1.2168803337718637
2020-10-09,3.0783222622114543,1.22243397295779
2020-10-12,3.0762953385461644,1.2228570573574102
2020-10-13,3.074962005212831,1.2268003651640167
2020-10-14,3.095956984674264,1.2425116419898834
2020-10-15,3.09983122100268,1.2504139005786858
2020-10-16,3.0939000229006632,1.253071818728152
2020-10-19,3.094942736936339,1.2552013898192245
2020-10-20,3.0858659160375126,1.261487983216088
2020-10-21,3.0942797293240214,1.2580893536667086
2020-10-22,3.1067911951101155,1.2715536512056116
2020-10-23,3.115304903623824,1.2846212761647753
2020-10-26,3.1093869000587615,1.2730766131528437
2020-10-27,3.109854357807772,1.2686179590139077
2020-10-28,3.121665952010671,1.2395833753073557
2020-10-29,3.107639088893508,1.2322033015066178
2020-10-30,3.1138738306775453,1.2437977343654445
2020-11-02,3.1053230090551196,1.251326724337995
2020-11-03,3.1002713866362406,1.254518201869771
2020-11-04,3.0989869358307063,1.2582205097155599
2020-11-05,3.097306202153919,1.2561884383280084
2020-11-06,3.0948891509563796,1.255380594496394
2020-11-09,3.098779201967426,1.271450856205756
2020-11-10,3.1057853413679317,1.2704480439714467
2020-11-11,3.1012250807816124,1.2706444433167823
2020-11-12,3.098547995187227,1.2775388884884888
2020-11-13,3.106307452025248,1.286422962161295
2020-11-16,3.1188087876380273,1.2700677216114669
2020-11-17,3.133023351203665,1.2904614026272205
2020-11-18,3.12914986150928,1.2936925586749388
2020-11-19,3.1368777817372,1.3014244899514007
2020-11-20,3.1325707846320667,1.3077424851255954
2020-11-23,3.132045795131857,1.3173545327862082
2020-11-24,3.1313509163881976,1.316917046457656
2020-11-25,3.126717444742278,1.3179799782737063
2020-11-26,3.137342444742278,1.3216546501036512
2020-11-27,3.135830728944848,1.328862997265948
2020-11-30,3.135454467614251,1.323487705074538
2020-12-01,3.1483944262063837,1.3317805748630231
2020-12-02,3.1465582536061594,1.3379927116327122
2020-12-03,3.1557513077430337,1.343595038282031
2020-12-04,3.154739161994046,1.3424787856436158
2020-12-07,3.162337946188575,1.3502708087250712
2020-12-08,3.1617346279381975,1.3508857218811887
2020-12-09,3.1708987769815007,1.3623805537403089
2020-12-10,3.17526385634658,1.352669688527118
2020-12-11,3.1798214079101195,1.3671223577953322
2020-12-14,3.1964533557988872,1.3826183177417954
2020-12-15,3.186121971783293,1.3716252299142482
2020-12-16,3.199229294144582,1.3881105905191722
2020-12-17,3.192938762367669,1.3757091610043526
2020-12-18,3.203073565083402,1.3950808115279771
2020-12-21,3.216010795557767,1.4076790848121137
2020-12-22,3.211154283416487,1.4100797478523819
2020-12-23,3.2089536483760894,1.403873880313916
2020-12-24,3.2132822423729297,1.3926373880121086
2020-12-25,3.225271499998098,1.4102204432855743
2020-12-28,3.225960140559027,1.4122163943562596
2020-12-29,3.2269294964064312,1.4161624023431316
2020-12-30,3.2295534304332327,1.4168899224444174
2020-12-31,3.231422414640316,1.4278514391180077
2021-01-04,3.2517194900162734,1.4475568847319116
2021-01-05,3.2531617110366446,1.4589410238693548
2021-01-06,3.2657629711626575,1.4674713145512348
2021-01-07,3.287007415607102,1.4826187483766127
2021-01-08,3.3089994659741193,1.4978939586650462
2021-01-11,3.323022923393803,1.5114321950353355
2021-01-12,3.321290741123527,1.516271459260881
2021-01-13,3.3280866132604507,1.5124563304788996
2021-01-14,3.32484276538573,1.5162517227696162
2021-01-15,3.3227399812996,1.5275520760660517
2021-01-18,3.320052035058525,1.5200575742897025
2021-01-19,3.375985198468324,1.4637908485324624
2021-01-20,3.3852779814758063,1.4718192414089573
2021-01-21,3.4075002036980284,1.5016702551070962
2021-01-22,3.4091224046771424,1.5052282309754945
2021-01-25,3.403185747952245,1.5059390369601344
2021-01-26,3.4182739757248135,1.4789562574306654
2021-01-27,3.420451086639788,1.4425275524657855
2021-01-28,3.435266585931355,1.3745286241880246
2021-01-29,3.4585817043284406,1.4290702937460011
2021-02-01,3.479784539627292,1.4059078274697625
2021-02-02,3.495998131860302,1.4440543895637816
2021-02-03,3.5224022832644533,1.4782222999077783
2021-02-04,3.513601500972694,1.478177482984908
2021-02-05,3.535933339537716,1.4960154177285439
2021-02-08,3.532775167768263,1.458225897693317
2021-02-09,3.5454735804666755,1.4919988591884799
2021-02-17,3.5611331398756816,1.5322116986115826
2021-02-18,3.561784734866899,1.543301909776693
2021-02-19,3.56268313178989,1.5371147286059266
2021-02-22,3.565993827884966,1.537080847241524
2021-02-23,3.5705117717942665,1.538707207836162
2021-02-24,3.6042272134665527,1.5257766472299736
2021-02-25,3.599895601303615,1.5280385091535842
2021-02-26,3.589292104405702,1.530338008221817
2021-03-01,3.589434069198433,1.54681547962931
2021-03-02,3.5900208252755497,1.5492319316400835
2021-03-03,3.5946271904346787,1.5499768822975653
2021-03-04,3.5915981505569516,1.5321531954457754
2021-03-05,3.589227880515472,1.5317614693815154
2021-03-08,3.6022304468114514,1.528498645974378
2021-03-09,3.5950201463822666,1.522515739991472
2021-03-10,3.5906466749393084,1.5304779068014462
2021-03-11,3.590279100646889,1.5445106299174785
2021-03-12,3.587369114357401,1.543753506649398
2021-03-15,3.585884520519866,1.5463212573839429
2021-03-16,3.588380034203132,1.5437852749846686
2021-03-17,3.5927075787431195,1.5485081332820825
2021-03-18,3.6027259457492975,1.5636658692576155
2021-03-19,3.6003872471662737,1.5569141317995043
2021-03-22,3.603477754892543,1.5529086803967656
2021-03-23,3.6000113565921965,1.5432636122304966
2021-03-24,3.5995610962854565,1.5252599390430797
2021-03-25,3.607219023236235,1.5244277567522622
2021-03-26,3.598182878657922,1.5266172745431674
2021-03-29,3.586446589939536,1.5376523245350282
2021-03-30,3.588982515552385,1.5467958499191155
2021-03-31,3.589514192292927,1.5513135933986177
2021-04-01,3.6229621884894754,1.5763252967357406
2021-04-02,3.6230161477502336,1.5860059256911787
2021-04-05,3.636549373033864,1.5955937385874739
2021-04-06,3.634056665529223,1.599962088055431
2021-04-07,3.6343761288308762,1.6018818560900985
2021-04-08,3.6408724014613343,1.5971433108870805
2021-04-09,3.64146227705121,1.5983016336357405
2021-04-12,3.6493436307269564,1.6181937549832661
2021-04-13,3.6482452469202715,1.6175365756906726
2021-04-14,3.6502646542111186,1.6280427016545822
2021-04-15,3.6573853972451746,1.6229527166068975
2021-04-16,3.6505572434429574,1.61724488293613
2021-04-19,3.6713660381033426,1.6402307781329784
2021-04-20,3.6685967291602535,1.6451763462608588
2021-04-22,3.670622370185894,1.61382826447398
2021-04-23,3.6801899777554046,1.6373117843280143
2021-04-26,3.7122714152505845,1.617064202895853
2021-04-27,3.7122182520395266,1.6239424184812465
2021-04-28,3.725577935833993,1.6319264659649084
2021-04-29,3.728872053481052,1.646006184061442
2021-05-04,3.7432456122819744,1.6580081958272235
2021-05-05,3.755291066827429,1.6722096822394281
2021-05-06,3.7471317734671477,1.6705391672010805
2021-05-07,3.7449868676185383,1.6676313256970348
2021-05-10,3.7723323880899082,1.6899549851959645
2021-05-11,3.7582475396050596,1.6815867538329714
2021-05-12,3.75753154325911,1.6970224177210225
2021-05-13,3.7638263120891513,1.6897841789533343
2021-05-14,3.7632641985422146,1.6969657171453967
2021-05-17,3.7745208700608948,1.690690445772518
2021-05-18,3.7718385974444595,1.6959625843794481
2021-05-19,3.7776567792626414,1.71273334290809
2021-05-20,3.7692576049441846,1.7292916894990396
2021-05-21,3.7632459090377517,1.7293759047532293
2021-05-24,3.7643303031914526,1.7331933414567604
2021-05-25,3.769706647277474,1.7426517050829557
2021-05-26,3.780137801658559,1.7503386324588048
2021-05-27,3.7744025412777376,1.7381539866244693
2021-05-28,3.7874561543313505,1.7530421859871987
2021-05-31,3.7947040175792135,1.7640102551957155
2021-06-01,3.7979483568830323,1.769529722506094
2021-06-02,3.7940494593299268,1.7667851374981365
2021-06-03,3.809031238247459,1.7840417896264795
2021-06-04,3.8038450680346934,1.7866874153701464
2021-06-07,3.815554566230678,1.77061024495214
2021-06-08,3.8428048468142917,1.740201242863332
2021-06-09,3.834086288406944,1.7532591940367408
2021-06-10,3.8331952671595144,1.7487454194785144
2021-06-11,3.8608621632365963,1.7738491281845328
2021-06-14,3.862781977505727,1.779159659842696
2021-06-15,3.857016813343234,1.773496040074189
2021-06-16,3.859789002030915,1.7590646865127515
2021-06-17,3.8557723909614077,1.7565605584542354
2021-06-18,3.8611006237641945,1.7698240288457097
2021-06-21,3.8535809829112204,1.7677920299258418
2021-06-22,3.8646385773756395,1.775199236901469
2021-06-23,3.86633834477589,1.7753939670994223
2021-06-24,3.8623573106016194,1.7736685906383909
2021-06-25,3.860251575834594,1.7826399146820773
2021-06-28,3.8676491395112276,1.796710433911565
2021-06-29,3.873161673964568,1.802336793669947
2021-06-30,3.870097588952507,1.8017027943104824
2021-07-01,3.8798848415464557,1.8122587132117252
2021-07-02,3.8811759971307036,1.8183746638699176
2021-07-05,3.880104943428071,1.8201886469780042
2021-07-06,3.9062529026117443,1.7758907421231491
2021-07-07,3.912693053622182,1.8097185595402758
2021-07-08,3.918491099224788,1.7983068475885222
2021-07-09,3.9014168537962792,1.7807024405704248
2021-07-12,3.9209893320861924,1.7463548966908184
2021-07-13,3.9094696054199876,1.7448096122337469
2021-07-14,3.920919371586735,1.7235932637776057
2021-07-15,3.9248938215512488,1.7377675529359409
2021-07-16,3.9274081391933775,1.7431930260917343
2021-07-19,3.95062573178597,1.698757853462132
2021-07-20,3.953208577789869,1.7255889854346238
2021-07-21,3.959353299023558,1.7224139772844915
2021-07-22,3.971122200592745,1.7380125382923546
2021-07-23,3.9680623823132506,1.7191463308550787
2021-07-26,3.97041784269869,1.7208801503238023
2021-07-27,3.9797685043467736,1.725075426542498
2021-07-28,3.9792703900651256,1.7234085825520027
2021-07-29,3.9787021275278334,1.7376536980049333
2021-07-30,3.977164848511692,1.751439554892608
2021-08-02,3.9748811114874707,1.752116710562405
2021-08-03,3.9826855178691267,1.7670731050079618
2021-08-04,3.9828889076996354,1.7686582792070404
2021-08-05,3.9941971770132074,1.7783444631494398
2021-08-06,3.9982542904106477,1.7718390745079693
2021-08-09,4.012285566577846,1.7860861915659125
2021-08-10,4.0093087810619075,1.7838028883873143
2021-08-11,4.011829808213147,1.7794533457584507
2021-08-12,4.013803787576089,1.7721612380368814
2021-08-13,4.015812227537275,1.7770290159199735
2021-08-16,4.026384618109665,1.7881592163579052
2021-08-17,4.027892713030933,1.7837281576347164
2021-08-18,4.025079585100592,1.7806628081313298
2021-08-19,4.024185270704367,1.7910485648078875
2021-08-20,4.050963048482144,1.7547963139922784
2021-08-23,4.056245632103828,1.728287299548485
2021-08-24,4.055513394764448,1.7327207273105247
2021-08-25,4.046420986689636,1.7399478929924166
2021-08-26,4.055805082626298,1.7287054095656291
2021-08-27,4.055591817537794,1.7330383063053367
2021-08-30,4.057094164955634,1.741835898246517
2021-08-31,4.058838878473674,1.740165795874133
2021-09-01,4.057413977749544,1.7389618705175052
2021-09-06,4.06653712861986,1.7491935551012998
2021-09-07,4.0649680668265145,1.750969433675602
2021-09-08,4.068299086951428,1.743774641071212
2021-09-09,4.076847289965427,1.7532395956296654
2021-09-10,4.074311559213928,1.753965094496505
2021-09-13,4.07295251929501,1.7516589902246886
2021-09-14,4.069207720404579,1.7469323139155102
2021-09-15,4.071365743377083,1.7515840911864673
2021-09-16,4.073046802674722,1.7544425193970081
2021-09-17,4.076380595841595,1.7590043490979013
2021-09-20,4.079629726355964,1.761113459492999
2021-09-21,4.088077843894991,1.7525850841347934
2021-09-22,4.083772288339436,1.7574252882531156
2021-09-23,4.080116911696829,1.7608728048025712
2021-09-24,4.082806566869243,1.7620454593220916
2021-09-27,4.089588643794088,1.7478393960592178
2021-09-28,4.094539829289207,1.7561217751587175
2021-09-29,4.088718413814326,1.7557083014280819
2021-09-30,4.090397501126866,1.7579419831422256
2021-10-01,4.08706875916176,1.7497356767367669
2021-10-04,4.0850100036678905,1.7509702189504814
2021-10-05,4.087393766309933,1.7596983380408173
2021-10-06,4.088866046043082,1.7634821329605062
2021-10-07,4.09079442069873,1.7641799410222416
2021-10-08,4.104335800957184,1.773614290257239
2021-10-11,4.127688349843813,1.7964582362390613
2021-10-12,4.121147220012296,1.7959947429564034
2021-10-13,4.1235754760829355,1.7933317329601792
2021-10-14,4.123531123300907,1.7918903992283206
2021-10-15,4.128555804001264,1.792861544248209
2021-10-18,4.128865984570666,1.796616096227157
2021-10-19,4.121142272775455,1.7944313747129463
2021-10-20,4.142877565595086,1.7929982441852754
2021-10-21,4.139553097509979,1.7825200477373642
2021-10-22,4.13709059471168,1.7821507368044176
2021-10-25,4.13653206030596,1.7742647146778785
2021-10-26,4.130758492421432,1.7780901139750882
2021-10-27,4.151756925374196,1.8009145733780372
2021-10-28,4.1576651509371185,1.809355283980361
2021-10-29,4.154728389206387,1.8113758690999613
2021-11-01,4.156662709260287,1.8011954272948905
2021-11-02,4.155546271353936,1.8042282276904733
2021-11-03,4.151740746782059,1.810341219441221
2021-11-04,4.151827978272626,1.8087471254288734
2021-11-05,4.150694932558589,1.811070104600584
2021-11-08,4.152171492174684,1.8136161953719843
2021-11-09,4.153884006535959,1.8080615804181535
2021-11-10,4.156986814358531,1.8058744712656907
2021-11-11,4.152540335577388,1.7996859544753194
2021-11-12,4.146063137956768,1.808653439089282
2021-11-15,4.146977752185551,1.8091377513004943
2021-11-16,4.148919542123153,1.8016410875121278
2021-11-17,4.146986283483903,1.8031965639756597
2021-11-18,4.152708461858015,1.7925620465432113
2021-11-19,4.155456506092662,1.7903204906240404
2021-11-22,4.153237981411575,1.8016467797477362
2021-11-23,4.152444592981823,1.8122463684204146
2021-11-24,4.169057844339007,1.833229722626217
2021-11-25,4.172258663748776,1.8378103434696391
2021-11-26,4.169428756093131,1.8340519012835104
2021-11-29,4.1681868126657955,1.8254278548119647
2021-11-30,4.176069622984329,1.8154796242448188
2021-12-01,4.178606868446564,1.8234271265048492
2021-12-02,4.180816362837022,1.8176651298730042
2021-12-03,4.197504674525334,1.793717775114684
2021-12-06,4.2088587721617365,1.7783851244145419
2021-12-07,4.221424641638835,1.7997907371417654
2021-12-08,4.220234165448359,1.8021310473320313
2021-12-09,4.231374690486964,1.811002142730934
2021-12-10,4.222823776648844,1.8043664643554003
2021-12-13,4.218614634919149,1.8052483566065947
2021-12-14,4.219357365984968,1.8023814444550956
2021-12-15,4.20919382740523,1.8043465733095179
2021-12-16,4.228688158918507,1.7982587239985965
2021-12-17,4.231447540816962,1.8005035043875592
2021-12-20,4.230044032045031,1.800529932147278
2021-12-21,4.229778780055641,1.7991292978978066
2021-12-22,4.237800818623134,1.794259898368868
2021-12-23,4.243680571054611,1.7764754130884384
2021-12-24,4.242493454627607,1.7963079533457877
2021-12-27,4.237965069383517,1.8015380302703963
2021-12-28,4.234930768591959,1.807473786765725
2021-12-29,4.234514156742641,1.8024854044456022
2021-12-30,4.23701580256226,1.8049129411554983
2021-12-31,4.244532463766236,1.8155011145146274
2022-01-04,4.258520752640667,1.83058208683362
2022-01-05,4.260638173237394,1.8223325214433053
2022-01-06,4.255710262757515,1.8216468855159826
2022-01-07,4.2565084850947965,1.81342008205956
2022-01-10,4.265428550912757,1.8019727892072654
2022-01-11,4.265340431599206,1.792096245997389
2022-01-12,4.271348235093043,1.8122997479377252
2022-01-13,4.275185416508876,1.809940332497606
2022-01-14,4.2706192064632145,1.8080666795950817
2022-01-17,4.294893925231716,1.7785570410487725
2022-01-18,4.2941732045109955,1.7775087592165113
2022-01-19,4.299726886354728,1.781225602134199
2022-01-20,4.305709792337634,1.7881461107173835
2022-01-21,4.306156440245088,1.7944094664022998
2022-01-24,4.316163778960146,1.7738723731499166
2022-01-25,4.329876715435649,1.8043554120744125
2022-01-26,4.3360163080504055,1.8103903951896512
2022-01-27,4.331824954089466,1.8046604124320478
2022-01-28,4.332111550209396,1.814992939120562
2022-02-07,4.340510328568907,1.8208732189722823
2022-02-08,4.336856883892498,1.826848888072039
2022-02-09,4.349491204960554,1.828125928434254
2022-02-10,4.348972061547185,1.8258778544346148
2022-02-11,4.347416145825953,1.823921690581682
2022-02-14,4.3514126893558736,1.797497296046389
2022-02-15,4.352604663397328,1.812307238441095
2022-02-16,4.354115832911125,1.8084509111836051
2022-02-17,4.36502970536346,1.8209651244116016
2022-02-18,4.359229592823962,1.8150969379019393
2022-02-21,4.357699538179153,1.8163571650040047
2022-02-22,4.353015442318587,1.8156789336227601
2022-02-23,4.3585508624174345,1.8199011790481172
2022-02-24,4.3611882346356605,1.8089902922055159
2022-02-25,4.362684680576551,1.811920569990594
2022-02-28,4.361300369436142,1.805815099961115
2022-03-01,4.363109086570428,1.8077529056268893
2022-03-02,4.368167589253633,1.793602706958363
2022-03-03,4.36830074504591,1.8095374731750573
2022-03-04,4.364917988318837,1.8114094066524529
2022-03-07,4.358815322533421,1.8007757118696504
2022-03-08,4.358549400448592,1.788218725016385
2022-03-09,4.358236264390975,1.787601345791196
2022-03-10,4.365055869077496,1.788266109934221
2022-03-11,4.366644235967876,1.7794755795498531
2022-03-14,4.366847488000397,1.768616757772635
2022-03-15,4.36429635137792,1.773948357252479
2022-03-16,4.359653128434935,1.7765353447055898
2022-03-17,4.3640921373582495,1.7746544329047356
2022-03-18,4.363956286251063,1.7794302030146736
2022-03-21,4.375232023120468,1.7968513575639444
2022-03-22,4.377238846319344,1.8039919805882945
2022-03-23,4.375394401874899,1.7988314149744447
2022-03-24,4.372811803246348,1.793418254685123
2022-03-25,4.3725886885654015,1.7940326365635286
2022-03-28,4.3729456720549145,1.784555608346011
2022-03-29,4.376765467583507,1.7956123677250535
2022-03-30,4.375671766409452,1.795385787159002
2022-03-31,4.379699152635792,1.8009182721779657
2022-04-01,4.39908417937376,1.8234169961012552
2022-04-04,4.4024284416688415,1.8270280874028688
2022-04-05,4.401294358095606,1.8213176406443874
2022-04-06,4.396202463604904,1.832953555405302
2022-04-07,4.40265142376418,1.8232239923044293
2022-04-08,4.397138720578578,1.811777521578859
2022-04-12,4.400397902064677,1.8005527707079731
2022-04-13,4.39757117179658,1.8126215074383343
2022-04-14,4.401914134223374,1.8077834004624131
2022-04-15,4.3906744648018865,1.7917953634929598
2022-04-18,4.393934994526305,1.7747308141068552
2022-04-19,4.409797235152649,1.7559056821470391
2022-04-20,4.401338394632739,1.7523585736305078
2022-04-21,4.383792098336443,1.7463467310669412
2022-04-22,4.391734688735662,1.7585762964793472
2022-04-25,4.4473286910424665,1.7046201094847755
2022-04-26,4.451442700847114,1.7269490199715327
2022-04-27,4.44667394934939,1.7306214374674163
2022-04-28,4.446507401645369,1.7298011982428634
2022-04-29,4.448686520419315,1.7415295404277757
2022-05-04,4.456990281952317,1.7219713633176164
2022-05-05,4.461810720612235,1.7329746088792568
2022-05-06,4.469820227445271,1.7104317582443271
2022-05-09,4.478018954806994,1.6673429371608801
2022-05-10,4.484873680490555,1.6912539292159168
2022-05-11,4.47139053442314,1.694494456619184
2022-05-12,4.509236458132937,1.6425912398939908
2022-05-13,4.516900500127688,1.5988330352306166
2022-05-16,4.518968527338572,1.591740141199107
2022-05-17,4.543060936579495,1.6447983760478413
2022-05-18,4.547198652248166,1.6501596358657462
2022-05-19,4.541447936661385,1.6479363944419387
2022-05-20,4.557659939779077,1.6471261416274787
2022-05-23,4.5642649940815,1.6259489188377927
2022-05-24,4.563599976658043,1.6397777315195152
2022-05-25,4.56425769831024,1.6696274223367475
2022-05-26,4.562359240166112,1.6687118810229458
2022-05-27,4.57535024639257,1.688704244520464
2022-05-30,4.574745331458732,1.6940872703949248
2022-05-31,4.568861203516668,1.686432024540896
2022-06-01,4.566766037544182,1.6886082377797766
2022-06-02,4.5679726740449365,1.6811203494391675
2022-06-03,4.569113358455583,1.682561325983691
2022-06-06,4.574700515578575,1.6822901191131168
2022-06-07,4.58078416576869,1.680278122489051
2022-06-08,4.589884292511402,1.6936127646207817
2022-06-09,4.5847830171925725,1.6942759390654665
2022-06-10,4.590749217047787,1.6814456885665536
2022-06-13,4.599825565152431,1.632535309820391
2022-06-14,4.598582376240618,1.632781175704517
2022-06-15,4.610619486282932,1.6263823048237405
2022-06-16,4.623965606318095,1.6481524889286332
2022-06-17,4.622539997194197,1.630704407514667
2022-06-20,4.6322840811432275,1.6048942122093086
2022-06-21,4.634759328667981,1.6040619396155553
2022-06-22,4.6312305555952324,1.6062178512231795
2022-06-23,4.635589108226812,1.6171371947587652
2022-06-24,4.641914785590117,1.6130181536650832
2022-06-27,4.651097073012013,1.6301776152465057
2022-06-28,4.652245669320478,1.6434985348196633
2022-06-29,4.645504987322065,1.6434906818893424
2022-06-30,4.649577445341368,1.6242665574979493
2022-07-01,4.656458610838775,1.6269248542663572
2022-07-04,4.655250881370176,1.6238343923740681
2022-07-05,4.64993687170834,1.6187717907415393
2022-07-06,4.660275090727424,1.5945296104750444
2022-07-07,4.657510996584019,1.6087959932992768
2022-07-08,4.658381744883339,1.6106752185053
2022-07-11,4.67359262923708,1.5923891701430868
2022-07-12,4.682587382297795,1.6010077207046987
2022-07-13,4.679263663028463,1.5989575993375138
2022-07-14,4.675021238786039,1.6030662653358374
2022-07-15,4.679106676531097,1.6015931979184521
2022-07-18,4.676847910037969,1.5967904703625977
2022-07-19,4.674928103115693,1.594665754481582
2022-07-20,4.6855354128161615,1.6061537465588287
2022-07-21,4.689015281233637,1.614010994319146
2022-07-22,4.694741451452149,1.6088217613703502
2022-07-25,4.691967300016118,1.6037438016685175
2022-07-26,4.694640732102759,1.6003821134630538
2022-07-27,4.698223197166888,1.6011535600896163
2022-07-28,4.7044919352426575,1.6148566836801463
2022-07-29,4.708010393616588,1.611507548468924
2022-08-01,4.7160004263892645,1.6311909900273658
2022-08-02,4.714553946157828,1.6389283034602016
2022-08-03,4.715597368583383,1.641977348856222
2022-08-04,4.721597368583383,1.6481986540703057
2022-08-05,4.726766354666882,1.643761096839905
2022-08-08,4.727109046112776,1.647408723524181
2022-08-09,4.731848382605667,1.6511214203206093
2022-08-10,4.729936436873496,1.647773624091367
2022-08-11,4.741086024994594,1.6439995959819045
2022-08-12,4.750155425625509,1.6507824274800222
2022-08-15,4.756066422162238,1.6607983530358554
2022-08-16,4.757278074649992,1.6618108821170816
2022-08-17,4.766042564330512,1.6659032301983112
2022-08-18,4.760109281926642,1.665541802945158
2022-08-19,4.767109077553046,1.6616954419872605
2022-08-22,4.761592554003736,1.6543745829446868
2022-08-23,4.76505439507376,1.6594700747957893
2022-08-24,4.764560798835483,1.662883387489288
2022-08-25,4.778410783273702,1.674561791697833
2022-08-26,4.772885073373471,1.6709477472466112
2022-08-29,4.768218922303609,1.6605713344551574
2022-08-30,4.7639939352636915,1.6643525059223911
2022-08-31,4.761766533036289,1.6668946046174469
2022-09-05,4.756485341805642,1.664366635598514
2022-09-06,4.75959576171233,1.665067633171984
2022-09-07,4.755745632513363,1.6418893350179342
2022-09-08,4.753347740550254,1.639225715489978
2022-09-09,4.752266602454639,1.6471826044807094
2022-09-12,4.752057452127842,1.6471512476715784
2022-09-13,4.747279883205535,1.644705339863488
2022-09-14,4.749140470207632,1.635589283029589
2022-09-15,4.749908275343984,1.637127890985937
2022-09-16,4.7646708591922895,1.629177430904532
2022-09-19,4.762730681342654,1.6108980841716658
2022-09-20,4.760060745366628,1.6199965328008004
2022-09-21,4.761466872837492,1.609626448921567
2022-09-22,4.761685523761292,1.6102289566564636
2022-09-23,4.7631004897476865,1.5992194688051447
2022-09-26,4.767205172943279,1.5760256494355491
2022-09-27,4.766310318357149,1.5720162830165199
2022-09-28,4.757899629186966,1.5535801414134212
2022-09-29,4.774494765095406,1.542190070247016
2022-09-30,4.77310103687241,1.5461728493030014
2022-10-03,4.791361906437627,1.5027617678019727
2022-10-04,4.786736475637699,1.4988779202520635
2022-10-05,4.787371684349132,1.516787769758313
2022-10-06,4.810596218065058,1.4845516459687333
2022-10-07,4.814145600781108,1.4458781237374692
2022-10-10,4.807977545494664,1.4452913257306585
2022-10-11,4.830447279150839,1.4094371295865487
2022-10-12,4.854006429808068,1.442631363273954
2022-10-13,4.847990756540419,1.458390883241488
2022-10-14,4.853922525169379,1.4680461475008388
2022-10-17,4.876409802523069,1.4546768864375161
2022-10-18,4.89567964379291,1.4660023257041317
2022-10-19,4.892371202541374,1.460894022114156
2022-10-20,4.884457305738588,1.4605238802264322
2022-10-21,4.911709983747409,1.4199925774142113
2022-10-24,4.909578004051978,1.3836863344028414
2022-10-25,4.906570219197059,1.4017994489549421
2022-10-26,4.913576809554326,1.3989452453080162
2022-10-27,4.9233959310013535,1.4340017341973548
2022-10-28,4.925997557017614,1.4403338786249698
2022-10-31,4.941515929721026,1.4292738007480388
2022-11-01,4.953495096387693,1.441734034046024
2022-11-02,4.948779968686317,1.436497061016435
2022-11-03,4.93101960303173,1.4315249923433924
2022-11-04,4.927856415870941,1.4064522431590651
2022-11-07,4.946801994102233,1.3812472262753217
2022-11-08,4.959152871295215,1.3866288914986298
2022-11-09,4.967896827678303,1.3855931852700363
2022-11-10,5.005227380337323,1.3438961508715226
2022-11-11,5.014429834325053,1.360285203412897
2022-11-14,4.996483849961159,1.3470692050991486
2022-11-15,5.009895867128541,1.313383780400064
2022-11-16,5.0449051781155045,1.352642376507362
2022-11-17,5.054999859262818,1.3853450533411047
2022-11-18,5.0372792080203155,1.3855098251321742
2022-11-21,5.0319140297579406,1.370775475873525
2022-11-22,5.0223211924098266,1.3589141333994683
2022-11-23,5.017245598457342,1.3517118997552018
2022-11-24,5.003646781590481,1.3538743958936015
2022-11-25,5.008084598894418,1.3822875937336456
2022-11-28,5.026729249737211,1.4203758427077955
2022-11-29,5.03820152507182,1.4449691079367017
2022-11-30,5.046342014157656,1.4645699009087925
2022-12-01,5.054384301020839,1.4583080467518554
2022-12-02,5.111689127713421,1.5065989237563822
2022-12-05,5.115655219145453,1.5230217638555597
2022-12-06,5.109646765039172,1.471821879073303
2022-12-07,5.102444725523557,1.4656742214447052
2022-12-08,5.126654352410483,1.480136124115623
2022-12-09,5.1367965325052705,1.482347410143118
2022-12-12,5.147886875184398,1.4563775299463255
2022-12-13,5.158706040563068,1.4747018344710117
2022-12-14,5.156469115547315,1.4744557225658217
2022-12-15,5.160873293224426,1.4857323162959974
2022-12-16,5.1604977416330255,1.4819779158765531
2022-12-19,5.157793339117302,1.4689618549031211
2022-12-20,5.171956018543139,1.449508787926678
2022-12-21,5.170365625813506,1.4527230354917156
2022-12-22,5.168115545453492,1.4577951485495027
2022-12-23,5.161016512335379,1.4537405999430735
2022-12-26,5.167620042808256,1.4089106462622014
2022-12-27,5.174412419126179,1.4287431983745353
2022-12-28,5.15463219934596,1.4352850503440397
2022-12-29,5.139751246965007,1.4297127834669747
2022-12-30,5.1513323144373135,1.4266283839826945
2023-01-03,5.192148640967925,1.4684712196655005
2023-01-04,5.189311083180583,1.4712403769822826
2023-01-05,5.199956522904377,1.4824292547616476
2023-01-06,5.1995453126810585,1.478191567597131
2023-01-09,5.200782229902751,1.4817285450890925
2023-01-10,5.201604806465647,1.4811536916296055
2023-01-11,5.205611368393844,1.4855760087729206
2023-01-12,5.209877232074406,1.4865335574483116
2023-01-13,5.208719390041611,1.489928665491529
2023-01-16,5.211899635107554,1.4953966706510826
2023-01-17,5.241475527964696,1.5214445831925667
2023-01-18,5.250779954342294,1.5323077471910085
2023-01-19,5.252450648575415,1.5378646969633527
2023-01-27,5.262739081522189,1.5456460004431016
2023-01-30,5.258184216097758,1.5308757355512252
2023-01-31,5.272451050962899,1.5408582302772005
2023-02-01,5.2977251250369735,1.5079891643524135
2023-02-02,5.293744111409658,1.5129427987025132
2023-02-03,5.295092150625344,1.5058278994816772
2023-02-06,5.301254149577804,1.5138135308715637
2023-02-07,5.323993925847747,1.4910881272146652
2023-02-08,5.323181907983353,1.4947159907022765
2023-02-09,5.32050777863012,1.4821668468762317
2023-02-10,5.327098759393286,1.471628216237781
2023-02-13,5.334339588739379,1.4636758162148964
2023-02-14,5.329108187494112,1.4584182229815248
2023-02-15,5.3344109973366445,1.4665443764411787
2023-02-16,5.338461141984668,1.4779692235667563
2023-02-17,5.337162399547467,1.4765098675786588
2023-02-20,5.368176063354268,1.5084348571394526
2023-02-21,5.360026553550346,1.5024938624366864
2023-02-22,5.344817310295382,1.474905741426417
2023-02-23,5.351715183451159,1.4747820591186955
2023-02-24,5.350283885741235,1.455247352424752
2023-02-27,5.343159702734699,1.4368470884547204
2023-02-28,5.352721193008355,1.4403074329072938
2023-03-01,5.357152409939571,1.4594904548983083
2023-03-02,5.354148533970579,1.4539801738739762
2023-03-03,5.352032648553912,1.4390297009607724
2023-03-06,5.37093435965618,1.4399277125066352
2023-03-07,5.375851851405354,1.4526463448099893
2023-03-08,5.380326994901802,1.4657212309036844
2023-03-09,5.386717489442586,1.4750332558126305
2023-03-10,5.38344982661463,1.4721007044929824
2023-03-13,5.37983008952185,1.4748413462042123
2023-03-14,5.378875891048567,1.4627278680551363
2023-03-15,5.386519530448637,1.4887846473485284
2023-03-16,5.378491935591315,1.4724464974396612
2023-03-17,5.379706381101062,1.473134183090909
2023-03-20,5.391571274412708,1.4509811063807507
2023-03-21,5.386322187297423,1.4612690517199405
2023-03-22,5.3908183865534465,1.4690948362306842
2023-03-23,5.38865953364544,1.4724117447952103
2023-03-24,5.390552561527494,1.477017133673483
2023-03-27,5.390041265071418,1.4818011400648394
2023-03-28,5.395674798920362,1.4840445022684456
2023-03-29,5.399383786081561,1.486528399436992
2023-03-30,5.405665351738127,1.491983201829945
2023-03-31,5.405602724526603,1.4980174584170294
2023-04-03,5.421174957172007,1.512025356487218
2023-04-04,5.418312537966097,1.5116763227595376
2023-04-05,5.419978896047934,1.5130453802231978
2023-04-06,5.410600917386679,1.5029795901458463
2023-04-07,5.411843539318956,1.502998128232345
2023-04-10,5.416246230541478,1.5016356041332795
2023-04-11,5.4228954972578585,1.5056266567502035
2023-04-12,5.421749276687846,1.5046837053122024
2023-04-13,5.422710516997924,1.4991131901783528
2023-04-14,5.424455065284528,1.4886541655475358
2023-04-17,5.424894033083104,1.490149327429371
2023-04-18,5.423641488852636,1.489708021162822
2023-04-19,5.4291604603170445,1.4818079694977992
2023-04-20,5.4286233355145175,1.4794124537517805
2023-04-21,5.43169130527762,1.47236050853486
2023-04-24,5.4280374591237734,1.472350949950295
2023-04-25,5.438637260577644,1.4636238788241873
2023-04-26,5.440642370373576,1.471530999089558
2023-04-27,5.438682531016146,1.467991142214582
2023-04-28,5.436846782223875,1.4774866968740286
2023-05-04,5.439500659122356,1.4662733968920993
2023-05-05,5.43895315509659,1.4651383886200051
2023-05-08,5.441984924166095,1.475962108358849
2023-05-09,5.441984924166095,1.4759335287646793
2023-05-10,5.450044797510943,1.4810017883129183
2023-05-11,5.451155274064024,1.4809449157359271
2023-05-12,5.460727988657658,1.491855592273707
2023-05-15,5.462230477154231,1.4960377309781816
2023-05-16,5.461167811112662,1.494861150531828
2023-05-17,5.4564817754987915,1.4878120498998395
2023-05-18,5.457232949207712,1.4959657077475
2023-05-19,5.4523300757514965,1.4941725888413024
2023-05-22,5.448941840457378,1.4987569981074227
2023-05-23,5.460331433373302,1.4934577636558795
2023-05-24,5.45529761238856,1.4873719062522
2023-05-25,5.451604780270389,1.4879371174999039
2023-05-26,5.45094252861476,1.4866755254460506
2023-05-29,5.452425412350365,1.495121901328631
2023-05-30,5.4482431401905655,1.497038201094001
2023-05-31,5.447150960199302,1.4919160723783587
2023-06-01,5.450068332681893,1.493566593324032
2023-06-02,5.463026079160766,1.511233643853482
2023-06-05,5.470812508526728,1.5150240317242405
2023-06-06,5.477435025083019,1.525325751121535
2023-06-07,5.475914482553445,1.5283738678208603
2023-06-08,5.477857409086535,1.5164174247270175
2023-06-09,5.479020555704227,1.5240973397811155
2023-06-12,5.485594097199708,1.5320729949566618
2023-06-13,5.489473913134021,1.5372639144523494
2023-06-14,5.486425952578216,1.5329694524256143
2023-06-15,5.483248780261579,1.531141611618843
2023-06-16,5.475796633261969,1.531583622497723
2023-06-19,5.4780035381534375,1.5224587780348446
2023-06-20,5.47757794155821,1.5273089063403025
2023-06-21,5.476941577921846,1.534372396247662
2023-06-22,5.4764037025296455,1.5393451048001814
2023-06-23,5.480772344061662,1.5475412393742687
2023-06-26,5.484257287319638,1.5515083663578322
2023-06-27,5.483871416141246,1.5543194657805846
2023-06-28,5.484760147033531,1.5602344347953145
2023-06-29,5.488115851731518,1.5463620988446696
2023-06-30,5.483781023629874,1.544442593650453
2023-07-03,5.485690388467726,1.5446562821816112
2023-07-04,5.485839530898748,1.5487778093721185
2023-07-05,5.484652234965237,1.5503380930600619
2023-07-06,5.487261962130124,1.5412034095874658
2023-07-07,5.495356346837411,1.5501275144970634
2023-07-10,5.505578569059634,1.5622840890523702
2023-07-11,5.50689841067864,1.5653545253867416
2023-07-12,5.508802335693286,1.5652411536232873
2023-07-13,5.512539125557243,1.5735880058918519
2023-07-14,5.51014374316186,1.5774630696833594
2023-07-17,5.50460778813791,1.5809009762653565
2023-07-18,5.504665170360897,1.5828244164755612
2023-07-19,5.506696643894516,1.5814274572187776
2023-07-20,5.5056085357709295,1.584062220647918
2023-07-21,5.5196559708981,1.5997607808999166
2023-07-24,5.523003651433728,1.6052723264923658
2023-07-25,5.525185957963862,1.6093539933545948
2023-07-26,5.527698520777932,1.6122087274553119
2023-07-27,5.522797379034684,1.6107521299007312
2023-07-28,5.535781128406438,1.6213966351021183
2023-07-31,5.551290770279716,1.63653952759253
2023-08-01,5.541486848711089,1.629527884853196
2023-08-02,5.535831111006171,1.6288242241812818
2023-08-03,5.543849720748919,1.6202105930281032
2023-08-04,5.56089705606835,1.637240655796521
2023-08-07,5.571183788613304,1.65288113589267
2023-08-08,5.574569913499989,1.6505863842375703
2023-08-09,5.5740891442692195,1.644199193880064
2023-08-10,5.580164413086424,1.6331977743420591
2023-08-11,5.579348752401269,1.6450800121499207
2023-08-14,5.572544933657151,1.647223842190944
2023-08-15,5.572168316219764,1.6454625850232705
2023-08-16,5.5727860975788825,1.6581192831638396
2023-08-17,5.569015418591124,1.6508556688593725
2023-08-18,5.614222173012078,1.6045989972240404
2023-08-21,5.6150358654924375,1.6047838556392997
2023-08-22,5.607730466214581,1.6074638072489509
2023-08-23,5.611632361420823,1.5986327124110358
2023-08-24,5.616855694189472,1.6146179022298819
2023-08-25,5.612181236760424,1.6080032651612892
2023-08-28,5.625017849011017,1.624310753875033
2023-08-29,5.623971881491061,1.6260167040975482
2023-08-30,5.6342045931596525,1.6343180196380385
2023-08-31,5.641692476403131,1.6416371227419257
2023-09-05,5.649018780809728,1.6498264741550142
2023-09-06,5.663773978663516,1.6621914953659667
2023-09-07,5.657202323873334,1.6583741259382547
2023-09-08,5.6547591541261495,1.653530353531824
2023-09-11,5.680601221491538,1.638776202676035
2023-09-12,5.697876160664288,1.6591871849545572
2023-09-13,5.685200477821541,1.6529124503169075
2023-09-14,5.686806903524351,1.6417821967009771
2023-09-15,5.681840641715984,1.6456312802139343
2023-09-18,5.687456656763679,1.6334340909758753
2023-09-19,5.68543810793662,1.6349050397378266
2023-09-20,5.689911648580373,1.6423061005293405
2023-09-21,5.69508107588361,1.6298483217075646
2023-09-22,5.6997236014174995,1.6122136626306363
2023-09-25,5.7214967581059675,1.5806946552080143
2023-09-26,5.712579195381953,1.5750305691345967
2023-09-27,5.707976902919293,1.5882353516415113
2023-09-28,5.706401468242543,1.584684093726057
2023-09-29,5.708179246020321,1.58623847562309
2023-10-02,5.709241914754884,1.5869844499341355
2023-10-03,5.709699005373099,1.5559339242857502
2023-10-04,5.706074856164224,1.5626985079322586
2023-10-05,5.70648692386106,1.550349359022251
2023-10-06,5.711903590527726,1.5639556481514485
2023-10-09,5.705022587951009,1.5732469148871342
2023-10-10,5.717715455491038,1.581861534531249
2023-10-11,5.713221073468566,1.5879031796513923
2023-10-12,5.716279964263306,1.586361146394875
2023-10-13,5.721876176058398,1.5873650160119461
2023-10-16,5.724402516023374,1.5758363787054472
2023-10-17,5.720651970885999,1.5652745556203196
2023-10-18,5.724617077943891,1.5517166298865526
2023-10-19,5.726839300166113,1.5333524378399273
2023-10-20,5.724860882899926,1.5503677063281929
2023-10-23,5.724741515546897,1.5353813666793572
2023-10-24,5.716746825228014,1.5446599500465705
2023-10-25,5.728677280863505,1.541258345921678
2023-10-26,5.725792318728633,1.4978117178183474
2023-10-27,5.7289998658984445,1.5002719272178497
2023-10-30,5.717114044653709,1.4815939950916193
2023-10-31,5.713972716961943,1.473719077420304
2023-11-01,5.709323940071173,1.4855241920078466
2023-11-02,5.741273025194483,1.51961348026915
2023-11-03,5.740138403912667,1.5184088825680009
2023-11-06,5.757617704740634,1.5343637339291805
2023-11-07,5.753669543197535,1.5245678081643552
2023-11-08,5.789242545449377,1.5586482137614488
2023-11-09,5.789271939923215,1.552453249382494
2023-11-10,5.776234902886177,1.5400751381575952
2023-11-13,5.772476069628021,1.5379742409933557
2023-11-14,5.777564898294085,1.5493230916511553
2023-11-15,5.7901244221036094,1.5605981970760714
2023-11-16,5.789360165783798,1.5612166262659288
2023-11-17,5.8014776071964125,1.5355500184608788
2023-11-20,5.797163881706217,1.5349338140985143
2023-11-21,5.798071322722551,1.540147578436366
2023-11-22,5.791530668657145,1.5412300247650692
2023-11-23,5.811554649472493,1.5167931892992195
2023-11-24,5.812912674163851,1.521097323484759
2023-11-27,5.810884837496877,1.5128938176816065
2023-11-28,5.817390413705055,1.5222500981660185
2023-11-29,5.821376920911433,1.5265219927742446
2023-11-30,5.822964077154757,1.5160386234595973
2023-12-01,5.828230495989949,1.5240722741945514
2023-12-04,5.835691585186659,1.539452092424726
2023-12-05,5.832951446674162,1.5333644447495933
2023-12-06,5.8374707066074345,1.541406828566681
2023-12-07,5.829460626506633,1.5432819356190668
2023-12-08,5.827931849528216,1.5464672507763082
2023-12-11,5.8279618255474,1.5486647769896564
2023-12-12,5.827036728561426,1.5521283601425018
2023-12-13,5.831803740836483,1.5393029304727697
2023-12-14,5.8281903713694545,1.537188784668988
2023-12-15,5.8217888253356955,1.5307695323443857
2023-12-18,5.828004902233115,1.519169386545224
2023-12-19,5.8281897451166635,1.5258073501654954
2023-12-20,5.82956425258482,1.5305148702915177
2023-12-21,5.8247897490419565,1.5308977291533332
2023-12-22,5.822140621427084,1.5309159535503334
2023-12-25,5.837900847354023,1.5440463922946952
2023-12-26,5.843730443766579,1.5473381736340726
2023-12-27,5.840461012944763,1.547714679658169
2023-12-28,5.85415964308175,1.5589787261122794
2023-12-29,5.854189066096431,1.5615927924475357
2024-01-02,5.8556873914974545,1.5617518789375575
2024-01-03,5.869744147856813,1.5734252026093964
2024-01-04,5.876885138887031,1.5834876562059375
2024-01-05,5.885099579008086,1.587612633505591
2024-01-08,5.881669047275668,1.5896623432735775
2024-01-09,5.876706339300911,1.5868175275420042
2024-01-10,5.874040819094549,1.5889464524780075
2024-01-11,5.875416453175883,1.589703324532227
2024-01-12,5.8679969970790875,1.5897892676722454
2024-01-15,5.873972352312526,1.5877611838676977
2024-01-16,5.879333437143809,1.5954163978520257
2024-01-17,5.88192160551696,1.5923570656068347
2024-01-18,5.88300794056556,1.5986145123971074
2024-01-19,5.884855371215855,1.6082575003604096
2024-01-22,5.882614474857312,1.6119107997200275
2024-01-23,5.8848478640253745,1.6071107055675677
2024-01-24,5.881216107268617,1.603394018487279
2024-01-25,5.881808975905866,1.601757662558668
2024-01-26,5.882430181609663,1.6062586476799399
2024-01-29,5.883946609579334,1.6031728019891331
2024-01-30,5.885101278949616,1.605326859504165
2024-01-31,5.900306450394248,1.5923118219738064
2024-02-01,5.902811431891544,1.5983307017076724
2024-02-02,5.905473114981361,1.5995323891837026
2024-02-05,5.923591817885434,1.618770361195007
2024-02-06,5.924534298827915,1.6202820201781032
2024-02-07,5.93707686880881,1.6315648241174947
2024-02-15,5.936010420900688,1.6352095837447727
2024-02-16,5.936968432615803,1.6413059423618357
2024-02-19,5.93786128975866,1.6540944180343333
2024-02-20,5.936840196113624,1.6552635842978392
2024-02-21,5.934179334962197,1.655609897671173
2024-02-22,5.9310072919514445,1.6538547772280454
2024-02-23,5.925891513814665,1.6402972322647418
2024-02-26,5.926762191038293,1.6486531177678527
2024-02-27,5.931611956678109,1.660491179569022
2024-02-28,5.9519181613517596,1.6744665463823338
2024-02-29,5.9491803105646275,1.674782664452433
2024-03-01,5.944904098971342,1.6758255244168807
2024-03-04,5.943614761006917,1.6769777890904978
2024-03-06,5.950710314460086,1.6698041313922172
2024-03-07,5.952631164896883,1.6741233270305376
2024-03-08,5.95907061832864,1.6534740821850153
2024-03-12,5.958671830643204,1.659161172250605
2024-03-13,5.98047642278172,1.6833515395738865
2024-03-15,5.964692055074124,1.6802861766034711
2024-03-18,5.930009515391585,1.6638267124115609
2024-03-19,5.931336457737293,1.6630174806961515
2024-03-20,5.924751091883635,1.68271393501042
2024-03-21,5.93513208219294,1.7005923522423232
2024-03-22,5.929592639795302,1.702597705051768
2024-03-25,5.927101398067003,1.6915864445973003
2024-03-26,5.933905191378795,1.7043659721563555
2024-03-27,5.9359544780195215,1.706340735612347
2024-03-28,5.949412034955339,1.7175374580686427
2024-03-29,5.942755060435482,1.7127032039249963
2024-04-01,5.937054421039442,1.7094030265790172
2024-04-02,5.935039541932189,1.70915546735821
2024-04-03,5.936254012216426,1.6952035985970864
2024-04-04,5.926793100719191,1.6900084672669915
2024-04-05,5.918255551312076,1.682222406445787
2024-04-08,5.911839663337207,1.6797895485533099
2024-04-09,5.911414425469775,1.689512833429617
2024-04-10,5.911783565373798,1.6870659543843733
2024-04-11,5.91009057804475,1.6863063525423387
2024-04-12,5.917137292217355,1.703632105199007
2024-04-15,5.927375757743534,1.6593896903913417
2024-04-16,5.929020450239962,1.6632988035113025
2024-04-17,5.936147821513674,1.645484250091979
2024-04-19,5.93238801032755,1.6316827733091852
2024-04-22,5.936555725915925,1.642243646989076
2024-04-23,5.947700945639921,1.6370473995581933
2024-04-24,5.956196697763859,1.6635392312434238
2024-04-25,5.952322933711306,1.6647971745467016
2024-04-26,5.956397913336408,1.6702927489071726
2024-05-02,5.96232131482943,1.6757018581373218
2024-05-03,5.968867784028829,1.6824449086260123
2024-05-06,5.984526128032244,1.6975768753038287
2024-05-07,5.986914579475814,1.705602796754928
2024-05-08,5.987907264951257,1.705602796754928
2024-05-09,5.981026889658059,1.7029721394797597
2024-05-10,5.980186332789134,1.6998507242300855
2024-05-13,5.976801572083843,1.6959837058265221
2024-05-14,5.974853178192322,1.6997400023381957
2024-05-15,5.980084398112807,1.7096514568793801
2024-05-16,5.998304857900796,1.7238378333067388
2024-05-17,5.994512930380054,1.725274845544274
2024-05-20,5.994920708752509,1.7271066968590087
2024-05-21,5.99698162013332,1.724112525208405
2024-05-22,6.005593768597613,1.7109994748194457
2024-05-23,6.010494970681915,1.7212978967605046
2024-05-24,5.997725739912684,1.7049730554103713
2024-05-27,5.996343047053118,1.706079439715297
2024-05-28,5.990283390781896,1.717652504904264
2024-05-29,5.992346575823805,1.705550177533616
2024-05-30,5.9949819313358725,1.701866434289741
2024-05-31,5.9977378368476835,1.6992712447705547
2024-06-03,6.000100041572093,1.7163641231297637
2024-06-04,6.005416856645005,1.7188375777985057
2024-06-05,6.01087374210189,1.7178152793949824
2024-06-06,6.0071156983438465,1.7198311912488518
2024-06-07,6.002264693492841,1.7242465243569391
2024-06-10,5.999996599710986,1.7265935653269473
2024-06-11,6.001496841275306,1.7244579540082074
2024-06-12,6.01792085149242,1.7424278385912542
2024-06-13,6.015841745257606,1.743959588615657
2024-06-14,6.016116401936757,1.730922140626753
2024-06-17,6.014977449772748,1.725787157414198
2024-06-18,6.012021282596397,1.7259322288045928
2024-06-19,6.019256029762363,1.7292378498872791
2024-06-20,6.022470405869678,1.735431637837546
2024-06-21,6.019398209249093,1.7335940141949675
2024-06-24,6.0384761106799365,1.7108049268948835
2024-06-25,6.033052697028429,1.7099908787497502
2024-06-26,6.035744835466471,1.7119306677007124
2024-06-27,6.028897290246833,1.710172749323883
2024-06-28,6.0352846706450745,1.701864176210767
2024-07-01,6.039156077168917,1.7074652776564143
2024-07-02,6.046704715301213,1.7156956663050125
2024-07-03,6.053164464117354,1.722979279717972
2024-07-04,6.0543376342270205,1.726908808634096
2024-07-05,6.060221785228091,1.7311434133661714
2024-07-08,6.0566764941343685,1.7308774922915462
2024-07-09,6.0623842566914465,1.735399353018236
2024-07-10,6.067483335323278,1.7271755941476221
2024-07-11,6.064633462549741,1.7235979267257548
2024-07-12,6.066267324335246,1.7202217726322635
2024-07-15,6.069549375617297,1.7171568092351472
2024-07-16,6.069267107205698,1.721379274600144
2024-07-17,6.060541639587162,1.722967550515129
2024-07-18,6.061257825386221,1.7237412775044119
2024-07-19,6.056273881905168,1.72063345282859
2024-07-22,6.047485045269595,1.7183221929231904
2024-07-23,6.054818378602929,1.7024368383888606
2024-07-24,6.055155813062774,1.7038758335948168
2024-07-25,6.048273589974863,1.6973706130186401
2024-07-26,6.050780248286002,1.7049638781226348
2024-07-29,6.051506577728284,1.7079985782412144
2024-07-30,6.052490167312588,1.7096241139291117
2024-07-31,6.059840832741248,1.7183753369261143
2024-08-01,6.076912569816051,1.697522278246577
2024-08-02,6.079605380273568,1.7046056115799106
2024-08-05,6.088278996283182,1.666432607465969
2024-08-06,6.087927549946334,1.683233055477916
2024-08-07,6.085740183322348,1.6838476738158925
2024-08-08,6.081793516655681,1.675655137240644
2024-08-09,6.094534424646972,1.6929718161059308
2024-08-12,6.096932506181744,1.6981898674009566
2024-08-13,6.094675288333975,1.6960505607879823
2024-08-14,6.095175156789645,1.6973589661098818
2024-08-15,6.092230887599318,1.693375905923166
2024-08-16,6.100960608090497,1.714208580661572
2024-08-19,6.108284624653644,1.7199065863595777
2024-08-20,6.111366288752257,1.724687039617368
2024-08-21,6.119353999965775,1.7342177808546788
2024-08-22,6.120725533034962,1.734885616233258
2024-08-23,6.119939249871567,1.7368422814084101
2024-08-26,6.122600239759805,1.7349121447850135
2024-08-27,6.121689078028599,1.7377029835534044
2024-08-28,6.1199994628573675,1.7386558830905674
2024-08-29,6.120453286320041,1.7410207530604966
2024-08-30,6.124523229039365,1.744676522769618
2024-09-04,6.108165459098643,1.7343049173862966
2024-09-05,6.11184379496876,1.7277329098884404
2024-09-06,6.111155563723061,1.732576116794212
2024-09-09,6.106088082184992,1.7263118149521726
2024-09-10,6.118399774469156,1.7162976620240462
2024-09-11,6.11667399336002,1.7161585649188118
2024-09-16,6.125619597897271,1.7061653661677685
2024-09-17,6.141246222962273,1.7235530059595539
2024-09-18,6.147270626903663,1.7291449976751216
2024-09-19,6.14973524565001,1.7348431989657986
2024-09-20,6.156645413468372,1.7406001334550696
2024-09-23,6.153587769358095,1.7369198921277693
2024-09-24,6.154568531334707,1.744299993859633
2024-09-25,6.160061664917729,1.754218317963415
2024-09-26,6.169287855393919,1.7592626980924262
2024-09-27,6.171032670099511,1.7605359704764805
2024-09-30,6.16923751456035,1.760528577143788
2024-10-01,6.168500594884594,1.7652011979517375
2024-10-02,6.158990790963026,1.7619853142828337
2024-10-03,6.166777001755647,1.7560422057048237
2024-10-04,6.16643106649496,1.7484296513029105
2024-10-07,6.1744479441320905,1.7478833299911407
2024-10-08,6.1694230685102,1.7505565261453324
2024-10-09,6.175186900464686,1.7602051576378086
2024-10-10,6.180021374930317,1.7665736421456009
2024-10-11,6.179533403427852,1.7679848050320168
2024-10-14,6.181826198198329,1.7652398509035767
2024-10-15,6.178343245046501,1.7632748239672522
2024-10-16,6.174096804202122,1.7618073697422376
2024-10-17,6.176090012529303,1.7682987662417577
2024-10-18,6.172089914367385,1.768152019255574
2024-10-21,6.17065008226645,1.7647323126458534
2024-10-22,6.165395542588565,1.7580240661417261
2024-10-23,6.165592752074342,1.7586171331879557
2024-10-24,6.173963013029536,1.7437251555926023
2024-10-25,6.173688972172536,1.74065660969227
2024-10-28,6.17376431876687,1.7427614122632977
2024-10-29,6.177843397845949,1.7483549018329079
2024-10-30,6.173562874228409,1.746925004246515
2024-10-31,6.174382546359556,1.7504861243124894
2024-11-01,6.175449411512763,1.740789426269758
2024-11-04,6.177979978760709,1.730997781605375
2024-11-05,6.173353509287823,1.731538676290894
2024-11-06,6.180783380402303,1.7438811592543082
2024-11-07,6.1763836786871655,1.741692465250277
2024-11-08,6.179155837224664,1.7346747891488183
2024-11-11,6.1723330779094585,1.7294521435144339
2024-11-12,6.176777185679072,1.7229582406101103
2024-11-13,6.176446396875,1.7245635249912308
2024-11-14,6.1789961814182055,1.711228044484498
2024-11-15,6.176314870669759,1.6992356611634705
2024-11-18,6.172421278112009,1.6984568817232477
2024-11-19,6.1684156230695955,1.689678943869473
2024-11-20,6.156242077425401,1.699725962327395
2024-11-21,6.1503890590526975,1.7114737389780992
2024-11-22,6.1507012419919,1.7110074189426587
2024-11-25,6.149340173681679,1.7155717117105485
2024-11-26,6.155578621001458,1.7212066483175117
2024-11-27,6.155986680170036,1.7226228826735097
2024-11-28,6.156165096849447,1.7229764405417096
2024-11-29,6.164718652319893,1.730459998228107
2024-12-02,6.162265440382614,1.7286068188433932
2024-12-03,6.157951267054355,1.7288742332516813
2024-12-04,6.152928436004126,1.720189407635647
2024-12-05,6.17851042628297,1.7508102227010263
2024-12-06,6.17754388353204,1.7506083610883763
2024-12-09,6.174910997292597,1.749785795881389
2024-12-10,6.173492981022726,1.7495388231681317
2024-12-11,6.176744408175865,1.7500104330045656
2024-12-12,6.175150703310084,1.749314575228916
2024-12-13,6.172811522023534,1.746342017106794
2024-12-16,6.172412021399314,1.7465222541184644
2024-12-17,6.170039986443009,1.7433761833281176
2024-12-18,6.164630519876518,1.7450332715228705
2024-12-19,6.1611744717923695,1.7332498104789777
2024-12-20,6.162419105895345,1.7359968123661147
2024-12-23,6.166481069766573,1.7399808156443801
2024-12-24,6.164096531613962,1.7401697772624964
2024-12-25,6.180738097879022,1.746449674789078
2024-12-26,6.180738097879022,1.754785636578832
2024-12-27,6.178788491502082,1.7578839176286722
2024-12-30,6.176366046810449,1.7582625817610118
2024-12-31,6.175350088836417,1.7563328678782049
2025-01-02,6.169875048578768,1.7551802372777217
2025-01-03,6.1724983564214675,1.738339856098448
2025-01-06,6.168319101637983,1.7326302436554306
2025-01-07,6.161722695541993,1.7343362084394434
2025-01-08,6.162683456059792,1.7353626058605247
2025-01-09,6.166464174396276,1.7309346344486625
2025-01-10,6.172474064088174,1.7175306063742042
2025-01-13,6.174686681151053,1.7214819530024141
2025-01-14,6.173250231234419,1.714465300969819
2025-01-15,6.172553205212114,1.7209885745517244
2025-01-16,6.176358028082183,1.7253118074976879
2025-01-17,6.184285343862174,1.7331614142500378
2025-01-20,6.184916274611215,1.735803251202256
2025-01-21,6.179002093159095,1.7341782844229554
2025-01-22,6.177641343234692,1.730307002640797
2025-01-23,6.184179270787387,1.7487155174378528
2025-01-24,6.187340834143124,1.7515344673789996
2025-02-03,6.1688126698451855,1.7349897862734291
2025-02-04,6.168635633932186,1.743922022905482
2025-02-05,6.171546184678642,1.7470413484078513
2025-02-06,6.176670544133711,1.7509772029915447
2025-02-07,6.178635864928795,1.7541270095889305
2025-02-10,6.1630027226672,1.7467284415698376
2025-02-11,6.163954745716179,1.7516800525340117
2025-02-12,6.169901326432266,1.7503417047579868
2025-02-13,6.171255218873034,1.7519139376281354
2025-02-14,6.179080764044373,1.753962106983336
2025-02-17,6.172845358867248,1.7491057825719134
2025-02-18,6.167003974908587,1.7516394967119875
2025-02-19,6.160033078401503,1.757060503299445
2025-02-20,6.16050413331659,1.7606376689348568
2025-02-21,6.156281911094368,1.7638093314640353
2025-02-24,6.151086658225898,1.7717799016663651
2025-02-25,6.150769499963926,1.7688777822397537
2025-02-26,6.149053561345501,1.7688777822397537
2025-02-27,6.151036085759921,1.771126856150496
2025-02-28,6.140967659562462,1.7658541262110703
2025-03-03,6.138634080589237,1.7693412210113917
2025-03-04,6.131066115857422,1.7743443066148477
2025-03-05,6.130358971258543,1.771376405271982
2025-03-06,6.137830404015649,1.7828947605886816
2025-03-07,6.1449556039574835,1.7902518589201062
2025-03-10,6.148468935365704,1.791187265498173
2025-03-11,6.144702321479614,1.792984443210294
2025-03-12,6.13967358584743,1.79213769708344
2025-03-13,6.138041128759445,1.7884821120821113
2025-03-14,6.131280633150158,1.7882874894338014
2025-03-17,6.1330375525244065,1.79396148350747
2025-03-18,6.137425094781474,1.7894737066058999
2025-03-19,6.137905575261954,1.781545085797051
2025-03-20,6.129965609152052,1.7825032530843488
2025-03-21,6.1277861685418085,1.782010124254442
2025-03-24,6.131352658097089,1.7910286764974712
2025-03-25,6.1300097324376175,1.7896552674229045
2025-03-26,6.130274149158369,1.7843844921437046
2025-03-27,6.127925878889407,1.7835086135506115
2025-03-28,6.127416713919957,1.7789225210752808
2025-03-31,6.124095833886748,1.7716077379349464
2025-04-01,6.117478186827924,1.7811613643536928
2025-04-02,6.117185361059256,1.7811831522701143
2025-04-04,6.117185361059256,1.711158314586555
2025-04-08,6.146096523030161,1.6463330873351258
2025-04-09,6.128107554001735,1.6222581318023956
2025-04-10,6.127598216140954,1.6912333859352633
2025-04-11,6.1437306608674955,1.7397809609578763
2025-04-14,6.15138177027836,1.7519418232874484
2025-04-15,6.143738135755455,1.7405455325500458
2025-04-16,6.146108710046194,1.727186870399843
2025-04-17,6.148201733302008,1.7347492133343105
2025-04-18,6.145861198322584,1.737212702279308
2025-04-21,6.1505898804931265,1.7280643068848933
2025-04-22,6.144573872230797,1.7250433455856484
2025-04-23,6.144444873262789,1.7348544089933267
2025-04-24,6.140729782307114,1.7414697086003992
2025-04-25,6.138281427295637,1.7456781162670203
2025-04-28,6.134902104684666,1.7419884155427456
2025-04-29,6.128093161595235,1.740014811543721
2025-05-05,6.129522243410168,1.748169163967503
2025-05-06,6.131396040634923,1.7476011585752385
2025-05-07,6.136835635827839,1.751496101211978
2025-05-09,6.132986579224065,1.7722162099076302
2025-05-12,6.141625354986129,1.7868510777205346
2025-05-13,6.1454341856508545,1.7946788378441463
2025-05-14,6.157390707389985,1.8055916366986278
2025-05-15,6.153452289917733,1.8081812909583228
2025-05-16,6.1502158129181375,1.7960156672292915
2025-05-19,6.143521211945253,1.7926280159045682
2025-05-20,6.161321854410775,1.8127548504760487
2025-05-21,6.16553586956229,1.821166809098306
2025-05-22,6.164593251440456,1.8142622887511073
2025-05-23,6.165068762614968,1.8141487781520553
2025-05-26,6.163551995225467,1.8244013679065607
2025-05-27,6.162846029817772,1.826929724123859
2025-05-28,6.16668448501617,1.8302503308001
2025-05-29,6.165558675840826,1.8298174273445529
2025-05-30,6.162070113175471,1.8243059958392824
2025-06-02,6.15791372007931,1.8238564566169853
2025-06-03,6.1719056641115335,1.8342778080898883
2025-06-04,6.169512930587711,1.8324765325921035
2025-06-05,6.166902207976988,1.8304560209149394
2025-06-06,6.1634684308221175,1.8210939801157102
2025-06-09,6.168184522125645,1.8053008343832422
2025-06-10,6.162744293063368,1.8112153672353932
2025-06-11,6.159809222550089,1.8114502727748931
2025-06-12,6.159547654090489,1.8164390640071457
2025-06-13,6.16491713086218,1.8086779037986709
2025-06-16,6.177812037374107,1.8223447607784025
2025-06-17,6.180000221181547,1.8301174928514832
2025-06-18,6.18450409169527,1.8312352874427544
2025-06-19,6.19197688605331,1.8356386677873486
2025-06-20,6.186123656366099,1.8327831130037735
2025-06-23,6.186427920748442,1.8419317274729377
2025-06-24,6.198286179677013,1.851929518016464
2025-06-25,6.19911433702691,1.8536795863785094
2025-06-26,6.196356096784185,1.8524580435494435
2025-06-27,6.201371741915788,1.8608758165292123
